MAT 1:19,ἐβουλήθη,n40001019013,ὢν/θέλων,"['n40001019006', 'n40001019007', 'n40001019008', 'n40001019009', 'n40001019010', 'n40001019011', 'n40001019012']"
MAT 1:20,ἐφάνη,n40001020010,ἐνθυμηθέντος,"['n40001020001', 'n40001020003', 'n40001020004']"
MAT 1:24,ἐποίησεν,n40001024008,ἐγερθεὶς,"['n40001024001', 'n40001024005', 'n40001024006', 'n40001024007']"
MAT 2:3,ἐταράχθη,n40002003006,ἀκούσας,['n40002003001']
MAT 2:4,ἐπυνθάνετο,n40002004010,συναγαγὼν,"['n40002004002', 'n40002004003', 'n40002004004', 'n40002004005', 'n40002004006', 'n40002004007', 'n40002004008', 'n40002004009']"
MAT 2:7,ἠκρίβωσεν,n40002007007,καλέσας,"['n40002007003', 'n40002007004', 'n40002007005', 'n40002007006']"
MAT 2:8,εἶπεν,n40002008006,πέμψας,"['n40002008002', 'n40002008003', 'n40002008004', 'n40002008005']"
MAT 2:8,ἐξετάσατε,n40002008008,Πορευθέντες,['n40002008007']
MAT 2:8,προσκυνήσω,n40002008021,ἐλθὼν,['n40002008020']
MAT 2:9,ἐπορεύθησαν,n40002009006,ἀκούσαντες,"['n40002009003', 'n40002009004', 'n40002009005']"
MAT 2:9,ἐστάθη,n40002009020,ἐλθὼν,['n40002009019']
MAT 2:10,ἐχάρησαν,n40002010005,ἰδόντες,"['n40002010001', 'n40002010003', 'n40002010004']"
MAT 2:11,εἶδον,n40002011006,ἐλθόντες,"['n40002011002', 'n40002011003', 'n40002011004', 'n40002011005']"
MAT 2:11,προσεκύνησαν,n40002011016,πεσόντες,['n40002011015']
MAT 2:11,προσήνεγκαν,n40002011023,ἀνοίξαντες,"['n40002011019', 'n40002011020', 'n40002011021', 'n40002011022']"
MAT 2:12,ἀνεχώρησαν,n40002012012,χρηματισθέντες,"['n40002012002', 'n40002012003', 'n40002012004', 'n40002012005', 'n40002012006', 'n40002012007', 'n40002012008']"
MAT 2:13,παράλαβε,n40002013014,Ἐγερθεὶς,['n40002013013']
MAT 2:14,παρέλαβε,n40002014004,ἐγερθεὶς,['n40002014003']
MAT 2:16,ἐθυμώθη,n40002016009,ἰδὼν,"['n40002016003', 'n40002016004', 'n40002016005', 'n40002016006', 'n40002016007', 'n40002016008']"
MAT 2:16,ἀνεῖλεν,n40002016013,ἀποστείλας,['n40002016012']
MAT 2:20,παράλαβε,n40002020003,Ἐγερθεὶς,['n40002020002']
MAT 2:21,παρέλαβε,n40002021004,ἐγερθεὶς,['n40002021003']
MAT 2:22,ἐφοβήθη,n40002022013,ἀκούσας,"['n40002022001', 'n40002022003', 'n40002022004', 'n40002022005', 'n40002022006', 'n40002022007', 'n40002022008', 'n40002022009', 'n40002022010', 'n40002022011', 'n40002022012']"
MAT 2:22,ἀνεχώρησεν,n40002022020,χρηματισθεὶς,"['n40002022016', 'n40002022018', 'n40002022019']"
MAT 2:23,κατῴκησεν,n40002023003,ἐλθὼν,['n40002023002']
MAT 3:7,εἶπεν,n40003007013,Ἰδὼν/ἐρχομένους,"['n40003007001', 'n40003007003', 'n40003007004', 'n40003007005', 'n40003007006', 'n40003007007', 'n40003007008', 'n40003007009', 'n40003007010', 'n40003007011', 'n40003007012']"
MAT 3:15,εἶπεν,n40003015005,ἀποκριθεὶς,['n40003015001']
MAT 3:16,ἀνέβη,n40003016006,βαπτισθεὶς,['n40003016001']
MAT 4:2,ἐπείνασεν,n40004002009,νηστεύσας,"['n40004002002', 'n40004002003', 'n40004002004', 'n40004002005', 'n40004002006', 'n40004002007']"
MAT 4:3,εἶπεν,n40004003005,προσελθὼν,['n40004003002']
MAT 4:4,εἶπεν,n40004004004,ἀποκριθεὶς,['n40004004003']
MAT 4:9,προσκυνήσῃς,n40004009010,πεσὼν,['n40004009009']
MAT 4:12,ἀνεχώρησεν,n40004012006,Ἀκούσας,"['n40004012001', 'n40004012003', 'n40004012004', 'n40004012005']"
MAT 4:13,κατῴκησεν,n40004013006,ἐλθὼν,['n40004013005']
MAT 4:13,κατῴκησεν,n40004013006,καταλιπὼν,"['n40004013002', 'n40004013003', 'n40004013004']"
MAT 4:18,εἶδεν,n40004018008,Περιπατῶν,"['n40004018001', 'n40004018003', 'n40004018004', 'n40004018005', 'n40004018006', 'n40004018007']"
MAT 4:20,ἠκολούθησαν,n40004020007,ἀφέντες,"['n40004020004', 'n40004020005', 'n40004020006']"
MAT 4:21,εἶδεν,n40004021004,προβὰς,"['n40004021002', 'n40004021003']"
MAT 4:22,ἠκολούθησαν,n40004022011,ἀφέντες,"['n40004022004', 'n40004022005', 'n40004022006', 'n40004022007', 'n40004022008', 'n40004022009', 'n40004022010']"
MAT 5:1,ἀνέβη,n40005001005,Ἰδὼν,"['n40005001001', 'n40005001003', 'n40005001004']"
MAT 5:2,ἐδίδασκεν,n40005002006,ἀνοίξας,"['n40005002002', 'n40005002003', 'n40005002004', 'n40005002005']"
MAT 5:13,καταπατεῖσθαι,n40005013023,βληθὲν,"['n40005013021', 'n40005013022']"
MAT 5:24,πρόσφερε,n40005024019,ἐλθὼν,['n40005024018']
MAT 6:5,προσεύχεσθαι,n40006005021,ἑστῶτες,"['n40006005011', 'n40006005012', 'n40006005013', 'n40006005014', 'n40006005015', 'n40006005016', 'n40006005017', 'n40006005018', 'n40006005019', 'n40006005020']"
MAT 6:6,πρόσευξαι,n40006006015,κλείσας,"['n40006006011', 'n40006006012', 'n40006006013', 'n40006006014']"
MAT 6:7,βατταλογήσητε,n40006007004,Προσευχόμενοι,['n40006007001']
MAT 6:17,ἄλειψαί,n40006017004,νηστεύων,['n40006017003']
MAT 6:27,δύναται,n40006027006,μεριμνῶν,['n40006027005']
MAT 6:30,ἀμφιέννυσιν,n40006030017,ὄντα/βαλλόμενον,"['n40006030007', 'n40006030008', 'n40006030009', 'n40006030010', 'n40006030011', 'n40006030012', 'n40006030013']"
MAT 7:6,ῥήξωσιν,n40007006024,στραφέντες,['n40007006023']
MAT 7:11,οἴδατε,n40007011006,ὄντες,"['n40007011004', 'n40007011005']"
MAT 7:11,δώσει,n40007011022,ὄντες,"['n40007011001', 'n40007011003', 'n40007011004', 'n40007011005', 'n40007011006', 'n40007011007', 'n40007011008', 'n40007011009', 'n40007011010', 'n40007011011', 'n40007011012']"
MAT 8:2,προσεκύνει,n40008002005,προσελθὼν,['n40008002004']
MAT 8:3,ἥψατο,n40008003005,ἐκτείνας,"['n40008003002', 'n40008003003', 'n40008003004']"
MAT 8:7,θεραπεύσω,n40008007006,ἐλθὼν,['n40008007005']
MAT 8:8,ἔφη,n40008008005,ἀποκριθεὶς,['n40008008002']
MAT 8:10,ἐθαύμασεν,n40008010005,ἀκούσας,['n40008010001']
MAT 8:14,εἶδεν,n40008014009,ἐλθὼν,"['n40008014002', 'n40008014005', 'n40008014006', 'n40008014007', 'n40008014008']"
MAT 8:18,ἐκέλευσεν,n40008018009,Ἰδὼν,"['n40008018001', 'n40008018005', 'n40008018006', 'n40008018007', 'n40008018008']"
MAT 8:19,εἶπεν,n40008019005,προσελθὼν,['n40008019002']
MAT 8:25,ἤγειραν,n40008025003,προσελθόντες,['n40008025002']
MAT 8:26,ἐπετίμησεν,n40008026010,ἐγερθεὶς,['n40008026009']
MAT 8:32,ἀπῆλθον,n40008032008,ἐξελθόντες,['n40008032007']
MAT 8:33,ἀπήγγειλαν,n40008033010,ἀπελθόντες,"['n40008033006', 'n40008033007', 'n40008033008', 'n40008033009']"
MAT 8:34,παρεκάλεσαν,n40008034014,ἰδόντες,['n40008034012']
MAT 9:1,διεπέρασεν,n40009001005,ἐμβὰς,"['n40009001002', 'n40009001003', 'n40009001004']"
MAT 9:2,εἶπεν,n40009002016,ἰδὼν,"['n40009002010', 'n40009002013', 'n40009002014', 'n40009002015']"
MAT 9:4,εἶπεν,n40009004008,εἰδὼς,"['n40009004002', 'n40009004005', 'n40009004006', 'n40009004007']"
MAT 9:6,ἆρόν,n40009006021,Ἐγερθεὶς,['n40009006020']
MAT 9:7,ἀπῆλθεν,n40009007003,ἐγερθεὶς,['n40009007002']
MAT 9:8,ἐφοβήθησαν,n40009008005,ἰδόντες,['n40009008001']
MAT 9:9,εἶδεν,n40009009006,παράγων,"['n40009009002', 'n40009009005']"
MAT 9:9,ἠκολούθησεν,n40009009021,ἀναστὰς,['n40009009020']
MAT 9:10,συνανέκειντο,n40009010015,ἐλθόντες,['n40009010014']
MAT 9:11,ἔλεγον,n40009011005,ἰδόντες,['n40009011002']
MAT 9:12,εἶπεν,n40009012004,ἀκούσας,['n40009012003']
MAT 9:13,μάθετε,n40009013003,πορευθέντες,['n40009013001']
MAT 9:18,προσεκύνει,n40009018009,ἐλθὼν,['n40009018008']
MAT 9:18,προσεκύνει,n40009018009,λαλοῦντος,"['n40009018001', 'n40009018002', 'n40009018003', 'n40009018004']"
MAT 9:18,ἐπίθες,n40009018020,ἐλθὼν,['n40009018019']
MAT 9:19,ἠκολούθει,n40009019005,ἐγερθεὶς,['n40009019002']
MAT 9:20,ἥψατο,n40009020009,προσελθοῦσα,"['n40009020007', 'n40009020008']"
MAT 9:22,εἶπεν,n40009022008,στραφεὶς/ἰδὼν,"['n40009022004', 'n40009022005', 'n40009022006', 'n40009022007']"
MAT 9:23,ἔλεγεν,n40009024001,ἐλθὼν/ἰδὼν/θορυβούμενον,"['n40009023002', 'n40009023005', 'n40009023006', 'n40009023007', 'n40009023008', 'n40009023009', 'n40009023010', 'n40009023011', 'n40009023012', 'n40009023013', 'n40009023014', 'n40009023015', 'n40009023016', 'n40009023017']"
MAT 9:25,ἐκράτησεν,n40009025007,εἰσελθὼν,['n40009025006']
MAT 9:31,διεφήμισαν,n40009031004,ἐξελθόντες,['n40009031003']
MAT 9:36,ἐσπλαγχνίσθη,n40009036005,Ἰδὼν,"['n40009036001', 'n40009036003', 'n40009036004']"
MAT 10:1,ἔδωκεν,n40010001007,προσκαλεσάμενος,"['n40010001002', 'n40010001003', 'n40010001004', 'n40010001005', 'n40010001006']"
MAT 10:7,κηρύσσετε,n40010007003,πορευόμενοι,['n40010007001']
MAT 10:12,ἀσπάσασθε,n40010012006,εἰσερχόμενοι,"['n40010012001', 'n40010012003', 'n40010012004', 'n40010012005']"
MAT 10:14,ἐκτινάξατε,n40010014020,ἐξερχόμενοι,"['n40010014012', 'n40010014013', 'n40010014014', 'n40010014015', 'n40010014016', 'n40010014017', 'n40010014018', 'n40010014019']"
MAT 11:1,μετέβη,n40011001012,διατάσσων,"['n40011001003', 'n40011001004', 'n40011001005', 'n40011001006', 'n40011001007', 'n40011001008', 'n40011001009', 'n40011001010', 'n40011001011']"
MAT 11:2,εἶπεν,n40011003001,πέμψας,"['n40011002012', 'n40011002013', 'n40011002014', 'n40011002015', 'n40011002016']"
MAT 11:2,εἶπεν,n40011003001,ἀκούσας,"['n40011002004', 'n40011002005', 'n40011002006', 'n40011002007', 'n40011002008', 'n40011002009', 'n40011002010', 'n40011002011']"
MAT 11:4,εἶπεν,n40011004005,ἀποκριθεὶς,['n40011004002']
MAT 11:4,ἀπαγγείλατε,n40011004008,Πορευθέντες,['n40011004007']
MAT 11:16,λέγουσιν,n40011017001,προσφωνοῦντα,"['n40011016015', 'n40011016016', 'n40011016017']"
MAT 11:25,εἶπεν,n40011025008,ἀποκριθεὶς,['n40011025005']
MAT 12:2,εἶπαν,n40012002005,ἰδόντες,['n40012002004']
MAT 12:9,ἦλθεν,n40012009004,μεταβὰς,"['n40012009002', 'n40012009003']"
MAT 12:14,ἔλαβον,n40012014006,ἐξελθόντες,['n40012014001']
MAT 12:15,ἀνεχώρησεν,n40012015005,γνοὺς,['n40012015004']
MAT 12:24,εἶπον,n40012024005,ἀκούσαντες,['n40012024004']
MAT 12:25,εἶπεν,n40012025006,εἰδὼς,"['n40012025001', 'n40012025003', 'n40012025004', 'n40012025005']"
MAT 12:39,εἶπεν,n40012039004,ἀποκριθεὶς,['n40012039003']
MAT 12:44,εὑρίσκει,n40012044012,ἐλθὸν,['n40012044011']
MAT 12:45,κατοικεῖ,n40012045014,εἰσελθόντα,['n40012045013']
MAT 12:46,εἱστήκεισαν,n40012046014,λαλοῦντος,"['n40012046001', 'n40012046003', 'n40012046004', 'n40012046005', 'n40012046006']"
MAT 12:48,εἶπεν,n40012048004,ἀποκριθεὶς,['n40012048003']
MAT 12:49,εἶπεν,n40012049010,ἐκτείνας,"['n40012049002', 'n40012049003', 'n40012049004', 'n40012049005', 'n40012049006', 'n40012049007', 'n40012049008', 'n40012049009']"
MAT 13:1,ἐκάθητο,n40013001010,ἐξελθὼν,"['n40013001005', 'n40013001008', 'n40013001009']"
MAT 13:2,καθῆσθαι,n40013002012,ἐμβάντα,"['n40013002009', 'n40013002010', 'n40013002011']"
MAT 13:4,κατέφαγεν,n40013004016,ἐλθόντα,['n40013004013']
MAT 13:10,εἶπαν,n40013010005,προσελθόντες,['n40013010002']
MAT 13:11,εἶπεν,n40013011004,ἀποκριθεὶς,['n40013011003']
MAT 13:13,βλέπουσιν,n40013013010,βλέποντες,['n40013013008']
MAT 13:14,βλέψετε,n40013014017,βλέποντες,['n40013014016']
MAT 13:21,σκανδαλίζεται,n40013021019,γενομένης,"['n40013021010', 'n40013021012', 'n40013021013', 'n40013021014', 'n40013021015', 'n40013021016', 'n40013021017']"
MAT 13:27,εἶπον,n40013027007,προσελθόντες,['n40013027001']
MAT 13:28,συλλέξωμεν,n40013028017,ἀπελθόντες,['n40013028016']
MAT 13:29,ἐκριζώσητε,n40013029009,συλλέγοντες,"['n40013029006', 'n40013029007', 'n40013029008']"
MAT 13:31,ἔσπειρεν,n40013031017,λαβὼν,"['n40013031014', 'n40013031015']"
MAT 13:33,ἐνέκρυψεν,n40013033015,λαβοῦσα,"['n40013033012', 'n40013033013']"
MAT 13:36,ἦλθεν,n40013036005,ἀφεὶς,"['n40013036002', 'n40013036003', 'n40013036004']"
MAT 13:37,εἶπεν,n40013037004,ἀποκριθεὶς,['n40013037003']
MAT 13:44,ἔκρυψεν,n40013044015,εὑρὼν,"['n40013044012', 'n40013044013']"
MAT 13:46,πέπρακεν,n40013046007,ἀπελθὼν,['n40013046006']
MAT 13:46,πέπρακεν,n40013046007,εὑρὼν,"['n40013046001', 'n40013046003', 'n40013046004', 'n40013046005']"
MAT 13:48,συνέλεξαν,n40013048010,ἀναβιβάσαντες/καθίσαντες,"['n40013048001', 'n40013048002', 'n40013048003', 'n40013048004', 'n40013048005', 'n40013048006', 'n40013048007', 'n40013048008', 'n40013048009']"
MAT 13:54,ἐδίδασκεν,n40013054007,ἐλθὼν,"['n40013054002', 'n40013054003', 'n40013054004', 'n40013054005', 'n40013054006']"
MAT 14:3,ἔδησεν,n40014003007,κρατήσας,"['n40014003004', 'n40014003005', 'n40014003006']"
MAT 14:5,ἐφοβήθη,n40014005005,θέλων,"['n40014005002', 'n40014005003', 'n40014005004']"
MAT 14:8,φησίν,n40014008010,προβιβασθεῖσα,"['n40014008003', 'n40014008004', 'n40014008005', 'n40014008006', 'n40014008007']"
MAT 14:9,ἐκέλευσεν,n40014009011,λυπηθεὶς,['n40014009002']
MAT 14:10,ἀπεκεφάλισεν,n40014010003,πέμψας,['n40014010002']
MAT 14:12,ἦραν,n40014012006,προσελθόντες,['n40014012002']
MAT 14:12,ἀπήγγειλαν,n40014012014,ἐλθόντες,['n40014012013']
MAT 14:13,ἀνεχώρησεν,n40014013005,Ἀκούσας,['n40014013001']
MAT 14:13,ἠκολούθησαν,n40014013018,ἀκούσαντες,['n40014013015']
MAT 14:14,εἶδεν,n40014014003,ἐξελθὼν,['n40014014002']
MAT 14:15,ἀγοράσωσιν,n40014015026,ἀπελθόντες,"['n40014015022', 'n40014015023', 'n40014015024', 'n40014015025']"
MAT 14:19,εὐλόγησεν,n40014019021,ἀναβλέψας,"['n40014019017', 'n40014019018', 'n40014019019', 'n40014019020']"
MAT 14:19,εὐλόγησεν,n40014019021,λαβὼν,"['n40014019009', 'n40014019010', 'n40014019011', 'n40014019012', 'n40014019013', 'n40014019014', 'n40014019015', 'n40014019016']"
MAT 14:19,εὐλόγησεν,n40014019021,κελεύσας,"['n40014019002', 'n40014019003', 'n40014019004', 'n40014019005', 'n40014019006', 'n40014019007', 'n40014019008']"
MAT 14:19,ἔδωκεν,n40014019024,κλάσας,['n40014019023']
MAT 14:23,ἀνέβη,n40014023005,ἀπολύσας,"['n40014023002', 'n40014023003', 'n40014023004']"
MAT 14:26,ἐταράχθησαν,n40014026010,ἰδόντες/περιπατοῦντα,"['n40014026004', 'n40014026005', 'n40014026006', 'n40014026007', 'n40014026008', 'n40014026009']"
MAT 14:28,εἶπεν,n40014028006,Ἀποκριθεὶς,"['n40014028001', 'n40014028003']"
MAT 14:29,περιεπάτησεν,n40014029011,καταβὰς,"['n40014029006', 'n40014029007', 'n40014029008', 'n40014029009']"
MAT 14:30,ἐφοβήθη,n40014030006,βλέπων,"['n40014030001', 'n40014030003', 'n40014030004', 'n40014030005']"
MAT 14:30,ἔκραξεν,n40014030010,ἀρξάμενος,"['n40014030008', 'n40014030009']"
MAT 14:31,ἐπελάβετο,n40014031008,ἐκτείνας,"['n40014031005', 'n40014031006', 'n40014031007']"
MAT 14:34,ἦλθον,n40014034003,διαπεράσαντες,['n40014034002']
MAT 14:35,ἀπέστειλαν,n40014035009,ἐπιγνόντες,"['n40014035002', 'n40014035003']"
MAT 15:3,εἶπεν,n40015003004,ἀποκριθεὶς,['n40015003003']
MAT 15:10,εἶπεν,n40015010005,προσκαλεσάμενος,"['n40015010002', 'n40015010003', 'n40015010004']"
MAT 15:12,λέγουσιν,n40015012005,προσελθόντες,['n40015012002']
MAT 15:12,ἐσκανδαλίσθησαν,n40015012014,ἀκούσαντες,"['n40015012011', 'n40015012012', 'n40015012013']"
MAT 15:13,εἶπεν,n40015013004,ἀποκριθεὶς,['n40015013003']
MAT 15:15,εἶπεν,n40015015005,Ἀποκριθεὶς,['n40015015001']
MAT 15:21,ἀνεχώρησεν,n40015021006,ἐξελθὼν,"['n40015021002', 'n40015021003']"
MAT 15:22,ἔκραζεν,n40015022010,ἐξελθοῦσα,"['n40015022005', 'n40015022006', 'n40015022007', 'n40015022008', 'n40015022009']"
MAT 15:23,ἠρώτουν,n40015023012,προσελθόντες,['n40015023008']
MAT 15:24,εἶπεν,n40015024004,ἀποκριθεὶς,['n40015024003']
MAT 15:25,προσεκύνει,n40015025004,ἐλθοῦσα,['n40015025003']
MAT 15:26,εἶπεν,n40015026004,ἀποκριθεὶς,['n40015026003']
MAT 15:28,εἶπεν,n40015028005,ἀποκριθεὶς,['n40015028002']
MAT 15:29,ἦλθεν,n40015029006,μεταβὰς,"['n40015029002', 'n40015029003']"
MAT 15:29,ἐκάθητο,n40015029017,ἀναβὰς,"['n40015029013', 'n40015029014', 'n40015029015', 'n40015029016']"
MAT 15:32,εἶπεν,n40015032008,προσκαλεσάμενος,"['n40015032004', 'n40015032005', 'n40015032006', 'n40015032007']"
MAT 15:35,ἔλαβεν,n40015036001,παραγγείλας,"['n40015035002', 'n40015035003', 'n40015035004', 'n40015035005', 'n40015035006', 'n40015035007', 'n40015035008']"
MAT 15:36,ἔκλασεν,n40015036010,εὐχαριστήσας,['n40015036009']
MAT 15:39,ἐνέβη,n40015039005,ἀπολύσας,"['n40015039002', 'n40015039003', 'n40015039004']"
MAT 16:1,ἐπηρώτησαν,n40016001008,πειράζοντες,['n40016001007']
MAT 16:1,ἐπηρώτησαν,n40016001008,προσελθόντες,['n40016001002']
MAT 16:2,εἶπεν,n40016002004,ἀποκριθεὶς,['n40016002003']
MAT 16:4,ἀπῆλθεν,n40016004020,καταλιπὼν,"['n40016004018', 'n40016004019']"
MAT 16:5,ἐπελάθοντο,n40016005008,ἐλθόντες,"['n40016005002', 'n40016005005', 'n40016005006', 'n40016005007']"
MAT 16:8,εἶπεν,n40016008005,γνοὺς,['n40016008001']
MAT 16:13,ἠρώτα,n40016013011,Ἐλθὼν,"['n40016013001', 'n40016013005', 'n40016013006', 'n40016013007', 'n40016013008', 'n40016013009', 'n40016013010']"
MAT 16:16,εἶπεν,n40016016005,ἀποκριθεὶς,['n40016016001']
MAT 16:17,εἶπεν,n40016017005,ἀποκριθεὶς,['n40016017001']
MAT 16:22,ἤρξατο,n40016022006,προσλαβόμενος,"['n40016022002', 'n40016022003']"
MAT 16:23,εἶπεν,n40016023004,στραφεὶς,['n40016023003']
MAT 17:4,εἶπεν,n40017004005,ἀποκριθεὶς,['n40017004001']
MAT 17:6,ἔπεσαν,n40017006005,ἀκούσαντες,['n40017006002']
MAT 17:7,εἶπεν,n40017007008,ἁψάμενος,"['n40017007006', 'n40017007007']"
MAT 17:8,εἶδον,n40017008007,ἐπάραντες,"['n40017008001', 'n40017008003', 'n40017008004', 'n40017008005']"
MAT 17:11,εἶπεν,n40017011004,ἀποκριθεὶς,['n40017011003']
MAT 17:17,εἶπεν,n40017017005,ἀποκριθεὶς,['n40017017001']
MAT 17:19,εἶπον,n40017019009,προσελθόντες,"['n40017019002', 'n40017019005', 'n40017019006', 'n40017019007', 'n40017019008']"
MAT 17:27,βάλε,n40017027009,πορευθεὶς,"['n40017027006', 'n40017027007', 'n40017027008']"
MAT 17:27,εὑρήσεις,n40017027022,ἀνοίξας,"['n40017027018', 'n40017027019', 'n40017027020', 'n40017027021']"
MAT 17:27,δὸς,n40017027026,λαβὼν,"['n40017027024', 'n40017027025']"
MAT 18:2,ἔστησεν,n40018002004,προσκαλεσάμενος,"['n40018002002', 'n40018002003']"
MAT 18:8,βληθῆναι,n40018008035,ἔχοντα,"['n40018008029', 'n40018008030', 'n40018008031', 'n40018008032', 'n40018008033', 'n40018008034']"
MAT 18:9,βληθῆναι,n40018009026,ἔχοντα,"['n40018009023', 'n40018009024', 'n40018009025']"
MAT 18:12,ζητεῖ,n40018012025,πορευθεὶς,['n40018012024']
MAT 18:21,εἶπεν,n40018021006,προσελθὼν,['n40018021002']
MAT 18:26,προσεκύνει,n40018026005,πεσὼν,['n40018026001']
MAT 18:27,ἀπέλυσεν,n40018027008,σπλαγχνισθεὶς,['n40018027001']
MAT 18:28,εὗρεν,n40018028006,ἐξελθὼν,['n40018028001']
MAT 18:28,ἔπνιγεν,n40018028019,κρατήσας,"['n40018028017', 'n40018028018']"
MAT 18:29,παρεκάλει,n40018029006,πεσὼν,['n40018029001']
MAT 18:30,ἔβαλεν,n40018030007,ἀπελθὼν,['n40018030006']
MAT 18:31,ἐλυπήθησαν,n40018031008,ἰδόντες,"['n40018031001', 'n40018031006', 'n40018031007']"
MAT 18:31,διεσάφησαν,n40018031012,ἐλθόντες,['n40018031011']
MAT 18:32,λέγει,n40018032007,προσκαλεσάμενος,"['n40018032002', 'n40018032003']"
MAT 18:34,παρέδωκεν,n40018034006,ὀργισθεὶς,['n40018034002']
MAT 19:4,εἶπεν,n40019004004,ἀποκριθεὶς,['n40019004003']
MAT 19:15,ἐπορεύθη,n40019015006,ἐπιθεὶς,"['n40019015002', 'n40019015003', 'n40019015004', 'n40019015005']"
MAT 19:16,εἶπεν,n40019016006,προσελθὼν,['n40019016004']
MAT 19:22,ἀπῆλθεν,n40019022007,ἀκούσας,"['n40019022001', 'n40019022005', 'n40019022006']"
MAT 19:25,ἐξεπλήσσοντο,n40019025005,ἀκούσαντες,['n40019025001']
MAT 19:26,εἶπεν,n40019026005,ἐμβλέψας,['n40019026001']
MAT 19:27,εἶπεν,n40019027005,ἀποκριθεὶς,['n40019027002']
MAT 20:2,ἀπέστειλεν,n40020002010,συμφωνήσας,"['n40020002001', 'n40020002003', 'n40020002004', 'n40020002005', 'n40020002006', 'n40020002007', 'n40020002008', 'n40020002009']"
MAT 20:3,εἶδεν,n40020003006,ἐξελθὼν,"['n40020003002', 'n40020003003', 'n40020003004', 'n40020003005']"
MAT 20:5,ἐποίησεν,n40020005011,ἐξελθὼν,"['n40020005004', 'n40020005005', 'n40020005006', 'n40020005007', 'n40020005008', 'n40020005009', 'n40020005010']"
MAT 20:6,εὗρεν,n40020006006,ἐξελθὼν,"['n40020006001', 'n40020006003', 'n40020006004', 'n40020006005']"
MAT 20:9,ἔλαβον,n40020009008,ἐλθόντες,['n40020009002']
MAT 20:10,ἐνόμισαν,n40020010005,ἐλθόντες,['n40020010002']
MAT 20:11,ἐγόγγυζον,n40020011003,λαβόντες,['n40020011001']
MAT 20:13,εἶπεν,n40020013006,ἀποκριθεὶς,['n40020013003']
MAT 20:17,παρέλαβεν,n40020017007,ἀναβαίνων,"['n40020017002', 'n40020017005', 'n40020017006']"
MAT 20:22,εἶπεν,n40020022005,ἀποκριθεὶς,['n40020022001']
MAT 20:24,ἠγανάκτησαν,n40020024005,ἀκούσαντες,['n40020024002']
MAT 20:25,εἶπεν,n40020025006,προσκαλεσάμενος,"['n40020025004', 'n40020025005']"
MAT 20:30,ἔκραξαν,n40020030013,ἀκούσαντες,"['n40020030009', 'n40020030010', 'n40020030011', 'n40020030012']"
MAT 20:32,ἐφώνησεν,n40020032005,στὰς,['n40020032002']
MAT 20:34,ἥψατο,n40020034005,σπλαγχνισθεὶς,['n40020034001']
MAT 21:2,ἀγάγετέ,n40021002020,λύσαντες,['n40021002019']
MAT 21:6,ἤγαγον,n40021007001,πορευθέντες/ποιήσαντες,"['n40021006001', 'n40021006005', 'n40021006006', 'n40021006007', 'n40021006008', 'n40021006009', 'n40021006010', 'n40021006011']"
MAT 21:15,ἠγανάκτησαν,n40021015026,ἰδόντες,"['n40021015001', 'n40021015008', 'n40021015009', 'n40021015010', 'n40021015011', 'n40021015012', 'n40021015013', 'n40021015014', 'n40021015015', 'n40021015016', 'n40021015017', 'n40021015018', 'n40021015019', 'n40021015020', 'n40021015021', 'n40021015022', 'n40021015023', 'n40021015024', 'n40021015025']"
MAT 21:16,κατηρτίσω,n40021016022,θηλαζόντων,"['n40021016017', 'n40021016018', 'n40021016019', 'n40021016020', 'n40021016021']"
MAT 21:17,ἐξῆλθεν,n40021017004,καταλιπὼν,"['n40021017002', 'n40021017003']"
MAT 21:18,ἐπείνασεν,n40021018007,ἐπανάγων,"['n40021018003', 'n40021018004', 'n40021018005', 'n40021018006']"
MAT 21:19,ἦλθεν,n40021019008,ἰδὼν,"['n40021019002', 'n40021019003', 'n40021019004', 'n40021019005', 'n40021019006', 'n40021019007']"
MAT 21:20,ἐθαύμασαν,n40021020005,ἰδόντες,['n40021020002']
MAT 21:21,εἶπεν,n40021021005,ἀποκριθεὶς,['n40021021001']
MAT 21:22,λήμψεσθε,n40021022010,πιστεύοντες,['n40021022009']
MAT 21:24,εἶπεν,n40021024005,ἀποκριθεὶς,['n40021024001']
MAT 21:27,εἶπαν,n40021027005,ἀποκριθέντες,"['n40021027002', 'n40021027003', 'n40021027004']"
MAT 21:28,εἶπεν,n40021028012,προσελθὼν,"['n40021028009', 'n40021028010', 'n40021028011']"
MAT 21:29,εἶπεν,n40021029004,ἀποκριθεὶς,['n40021029003']
MAT 21:29,ἀπῆλθεν,n40021029010,μεταμεληθεὶς,['n40021029009']
MAT 21:30,εἶπεν,n40021030005,προσελθὼν,"['n40021030001', 'n40021030003', 'n40021030004']"
MAT 21:30,εἶπεν,n40021030010,ἀποκριθεὶς,['n40021030009']
MAT 21:32,μετεμελήθητε,n40021032025,ἰδόντες,['n40021032023']
MAT 21:38,εἶπον,n40021038007,ἰδόντες,"['n40021038004', 'n40021038005', 'n40021038006']"
MAT 21:39,ἐξέβαλον,n40021039004,λαβόντες,"['n40021039002', 'n40021039003']"
MAT 21:45,ἔγνωσαν,n40021045011,ἀκούσαντες,"['n40021045002', 'n40021045008', 'n40021045009', 'n40021045010']"
MAT 21:46,ἐφοβήθησαν,n40021046005,ζητοῦντες,"['n40021046002', 'n40021046003', 'n40021046004']"
MAT 22:1,εἶπεν,n40022001006,ἀποκριθεὶς,['n40022001002']
MAT 22:5,ἀπῆλθον,n40022005004,ἀμελήσαντες,['n40022005003']
MAT 22:7,ἀπώλεσεν,n40022007010,πέμψας,"['n40022007006', 'n40022007007', 'n40022007008', 'n40022007009']"
MAT 22:10,συνήγαγον,n40022010009,ἐξελθόντες,"['n40022010002', 'n40022010006', 'n40022010007', 'n40022010008']"
MAT 22:11,εἶδεν,n40022011008,εἰσελθὼν,"['n40022011001', 'n40022011005', 'n40022011006', 'n40022011007']"
MAT 22:13,ἐκβάλετε,n40022013012,Δήσαντες,"['n40022013007', 'n40022013008', 'n40022013009', 'n40022013010', 'n40022013011']"
MAT 22:15,ἔλαβον,n40022015006,πορευθέντες,['n40022015002']
MAT 22:18,εἶπεν,n40022018008,γνοὺς,"['n40022018001', 'n40022018005', 'n40022018006', 'n40022018007']"
MAT 22:22,ἐθαύμασαν,n40022022003,ἀκούσαντες,['n40022022002']
MAT 22:22,ἀπῆλθαν,n40022022007,ἀφέντες,"['n40022022005', 'n40022022006']"
MAT 22:25,ἐτελεύτησεν,n40022025011,γήμας,['n40022025010']
MAT 22:25,ἀφῆκεν,n40022025016,ἔχων,"['n40022025013', 'n40022025014', 'n40022025015']"
MAT 22:29,εἶπεν,n40022029005,Ἀποκριθεὶς,['n40022029001']
MAT 22:33,ἐξεπλήσσοντο,n40022033005,ἀκούσαντες,['n40022033002']
MAT 22:34,συνήχθησαν,n40022034009,ἀκούσαντες,"['n40022034004', 'n40022034005', 'n40022034006', 'n40022034007', 'n40022034008']"
MAT 24:1,ἐπορεύετο,n40024001008,ἐξελθὼν,"['n40024001002', 'n40024001005', 'n40024001006', 'n40024001007']"
MAT 24:2,εἶπεν,n40024002004,ἀποκριθεὶς,['n40024002003']
MAT 24:4,εἶπεν,n40024004005,ἀποκριθεὶς,['n40024004002']
MAT 24:46,εὑρήσει,n40024046010,ἐλθὼν,['n40024046006']
MAT 25:1,ἐξῆλθον,n40025001014,λαβοῦσαι,"['n40025001010', 'n40025001011', 'n40025001012', 'n40025001013']"
MAT 25:3,ἔλαβον,n40025003009,λαβοῦσαι,"['n40025003004', 'n40025003005', 'n40025003006', 'n40025003007']"
MAT 25:12,εἶπεν,n40025012004,ἀποκριθεὶς,['n40025012003']
MAT 25:14,ἐκάλεσεν,n40025014005,ἀποδημῶν,['n40025014004']
MAT 25:15,ἠργάσατο,n40025016007,πορευθεὶς,"['n40025015020', 'n40025016001']"
MAT 25:18,ὤρυξεν,n40025018007,ἀπελθὼν,['n40025018006']
MAT 25:20,προσήνεγκεν,n40025020008,προσελθὼν,['n40025020002']
MAT 25:22,εἶπεν,n40025022008,προσελθὼν,['n40025022001']
MAT 25:24,εἶπεν,n40025024009,προσελθὼν,['n40025024001']
MAT 25:25,ἔκρυψα,n40025025004,ἀπελθὼν,['n40025025003']
MAT 25:25,ἔκρυψα,n40025025004,φοβηθεὶς,['n40025025002']
MAT 25:26,εἶπεν,n40025026006,ἀποκριθεὶς,['n40025026001']
MAT 25:27,ἐκομισάμην,n40025027013,ἐλθὼν,['n40025027011']
MAT 25:40,ἐρεῖ,n40025040005,ἀποκριθεὶς,['n40025040002']
MAT 26:8,ἠγανάκτησαν,n40026008005,ἰδόντες,['n40026008001']
MAT 26:10,εἶπεν,n40026010005,γνοὺς,['n40026010001']
MAT 26:12,ἐποίησεν,n40026012015,βαλοῦσα,"['n40026012001', 'n40026012004', 'n40026012005', 'n40026012006', 'n40026012007', 'n40026012008', 'n40026012009', 'n40026012010']"
MAT 26:14,εἶπεν,n40026015001,πορευθεὶς,"['n40026014002', 'n40026014010', 'n40026014011', 'n40026014012']"
MAT 26:22,ἤρξαντο,n40026022004,λυπούμενοι,"['n40026022002', 'n40026022003']"
MAT 26:23,εἶπεν,n40026023004,ἀποκριθεὶς,['n40026023003']
MAT 26:25,εἶπεν,n40026025007,ἀποκριθεὶς,['n40026025001']
MAT 26:26,ἔκλασεν,n40026026010,λαβὼν/εὐλογήσας,"['n40026026004', 'n40026026007', 'n40026026008', 'n40026026009']"
MAT 26:26,εἶπεν,n40026026015,δοὺς,"['n40026026012', 'n40026026013', 'n40026026014']"
MAT 26:27,ἔδωκεν,n40026027006,λαβὼν/εὐχαριστήσας,"['n40026027002', 'n40026027003', 'n40026027004', 'n40026027005']"
MAT 26:30,ἐξῆλθον,n40026030003,ὑμνήσαντες,['n40026030002']
MAT 26:33,εἶπεν,n40026033005,ἀποκριθεὶς,['n40026033001']
MAT 26:36,προσεύξωμαι,n40026036021,ἀπελθὼν,"['n40026036019', 'n40026036020']"
MAT 26:37,ἤρξατο,n40026037010,παραλαβὼν,"['n40026037002', 'n40026037003', 'n40026037004', 'n40026037005', 'n40026037006', 'n40026037007', 'n40026037008', 'n40026037009']"
MAT 26:39,ἔπεσεν,n40026039004,προελθὼν,"['n40026039002', 'n40026039003']"
MAT 26:42,προσηύξατο,n40026042005,ἀπελθὼν,"['n40026042001', 'n40026042002', 'n40026042003', 'n40026042004']"
MAT 26:43,εὗρεν,n40026043004,ἐλθὼν,"['n40026043002', 'n40026043003']"
MAT 26:44,προσηύξατο,n40026044006,ἀπελθὼν,['n40026044005']
MAT 26:44,προσηύξατο,n40026044006,ἀφεὶς,"['n40026044002', 'n40026044003', 'n40026044004']"
MAT 26:49,εἶπεν,n40026049006,προσελθὼν,"['n40026049003', 'n40026049004', 'n40026049005']"
MAT 26:50,ἐπέβαλον,n40026050012,προσελθόντες,['n40026050011']
MAT 26:51,ἀπέσπασεν,n40026051010,ἐκτείνας,"['n40026051007', 'n40026051008', 'n40026051009']"
MAT 26:51,ἀφεῖλεν,n40026051020,πατάξας,"['n40026051015', 'n40026051016', 'n40026051017', 'n40026051018', 'n40026051019']"
MAT 26:56,ἔφυγον,n40026056017,ἀφέντες,"['n40026056015', 'n40026056016']"
MAT 26:58,ἐκάθητο,n40026058016,εἰσελθὼν,"['n40026058014', 'n40026058015']"
MAT 26:60,εἶπαν,n40026061001,προσελθόντες,['n40026060009']
MAT 26:62,εἶπεν,n40026062005,ἀναστὰς,['n40026062002']
MAT 26:66,εἶπαν,n40026066007,ἀποκριθέντες,['n40026066006']
MAT 26:73,εἶπον,n40026073007,προσελθόντες,['n40026073004']
MAT 26:75,ἔκλαυσεν,n40026075019,ἐξελθὼν,"['n40026075017', 'n40026075018']"
MAT 27:2,ἀπήγαγον,n40027002004,δήσαντες,"['n40027002002', 'n40027002003']"
MAT 27:3,ἔστρεψεν,n40027003010,μεταμεληθεὶς,['n40027003009']
MAT 27:3,ἔστρεψεν,n40027003010,ἰδὼν,"['n40027003002', 'n40027003007', 'n40027003008']"
MAT 27:5,ἀνεχώρησεν,n40027005008,ῥίψας,"['n40027005002', 'n40027005003', 'n40027005004', 'n40027005005', 'n40027005006', 'n40027005007']"
MAT 27:5,ἀπήγξατο,n40027005011,ἀπελθὼν,['n40027005010']
MAT 27:6,εἶπαν,n40027006007,λαβόντες,"['n40027006004', 'n40027006005', 'n40027006006']"
MAT 27:7,ἠγόρασαν,n40027007004,λαβόντες,"['n40027007001', 'n40027007003']"
MAT 27:21,εἶπεν,n40027021005,ἀποκριθεὶς,['n40027021001']
MAT 27:24,ἀπενίψατο,n40027024014,λαβὼν,"['n40027024012', 'n40027024013']"
MAT 27:24,ἀπενίψατο,n40027024014,ἰδὼν,"['n40027024001', 'n40027024005', 'n40027024006', 'n40027024007', 'n40027024008', 'n40027024009', 'n40027024010', 'n40027024011']"
MAT 27:25,εἶπεν,n40027025006,ἀποκριθεὶς,['n40027025002']
MAT 27:26,παρέδωκεν,n40027026010,φραγελλώσας,"['n40027026006', 'n40027026008', 'n40027026009']"
MAT 27:27,συνήγαγον,n40027027012,παραλαβόντες,"['n40027027006', 'n40027027007', 'n40027027008', 'n40027027009', 'n40027027010', 'n40027027011']"
MAT 27:28,περιέθηκαν,n40027028006,ἐκδύσαντες,"['n40027028002', 'n40027028003']"
MAT 27:29,ἐπέθηκαν,n40027029006,πλέξαντες,"['n40027029002', 'n40027029003', 'n40027029004', 'n40027029005']"
MAT 27:29,ἐνέπαιξαν,n40027029021,γονυπετήσαντες,"['n40027029018', 'n40027029019', 'n40027029020']"
MAT 27:30,ἔλαβον,n40027030005,ἐμπτύσαντες,"['n40027030002', 'n40027030003', 'n40027030004']"
MAT 27:32,εὗρον,n40027032003,Ἐξερχόμενοι,['n40027032001']
MAT 27:33,ἔδωκαν,n40027034001,ἐλθόντες/λεγόμενον/λεγόμενος,"['n40027033002', 'n40027033003', 'n40027033004', 'n40027033005', 'n40027033006', 'n40027033007', 'n40027033008', 'n40027033011', 'n40027033009', 'n40027033010']"
MAT 27:34,ἠθέλησεν,n40027034011,γευσάμενος,['n40027034009']
MAT 27:35,διεμερίσαντο,n40027035004,σταυρώσαντες,"['n40027035001', 'n40027035003']"
MAT 27:36,ἐτήρουν,n40027036003,καθήμενοι,['n40027036002']
MAT 27:41,ἔλεγον,n40027041011,ἐμπαίζοντες,"['n40027041005', 'n40027041006', 'n40027041007', 'n40027041008', 'n40027041009', 'n40027041010']"
MAT 27:47,ἔλεγον,n40027047007,ἀκούσαντες,['n40027047006']
MAT 27:48,ἐπότιζεν,n40027048016,δραμὼν/λαβὼν/πλήσας/περιθεὶς,"['n40027048003', 'n40027048007', 'n40027048008', 'n40027048009', 'n40027048011', 'n40027048010', 'n40027048012', 'n40027048013', 'n40027048014', 'n40027048015']"
MAT 27:50,ἀφῆκεν,n40027050008,κράξας,"['n40027050004', 'n40027050005', 'n40027050006', 'n40027050007']"
MAT 27:53,εἰσῆλθον,n40027053010,ἐξελθόντες,"['n40027053002', 'n40027053003', 'n40027053004', 'n40027053005', 'n40027053006', 'n40027053007', 'n40027053008', 'n40027053009']"
MAT 27:54,ἐφοβήθησαν,n40027054017,ἰδόντες,"['n40027054011', 'n40027054012', 'n40027054013', 'n40027054014', 'n40027054015', 'n40027054016']"
MAT 27:58,ᾐτήσατο,n40027058005,προσελθὼν,['n40027058002']
MAT 27:59,ἐνετύλιξεν,n40027059007,λαβὼν,"['n40027059002', 'n40027059003', 'n40027059004']"
MAT 27:60,ἀπῆλθεν,n40027060022,προσκυλίσας,"['n40027060015', 'n40027060016', 'n40027060017', 'n40027060018', 'n40027060019', 'n40027060020', 'n40027060021']"
MAT 27:64,κλέψωσιν,n40027064015,ἐλθόντες,['n40027064011']
MAT 27:66,ἠσφαλίσαντο,n40027066004,πορευθέντες,['n40027066003']
MAT 28:2,ἀπεκύλισε,n40028002014,καταβὰς/προσελθὼν,"['n40028002009', 'n40028002010', 'n40028002011', 'n40028002012', 'n40028002013']"
MAT 28:5,εἶπεν,n40028005005,ἀποκριθεὶς,['n40028005001']
MAT 28:7,εἴπατε,n40028007004,πορευθεῖσαι,"['n40028007002', 'n40028007003']"
MAT 28:8,ἔδραμον,n40028008012,ἀπελθοῦσαι,"['n40028008002', 'n40028008003', 'n40028008004', 'n40028008005', 'n40028008006', 'n40028008007', 'n40028008008', 'n40028008009', 'n40028008010', 'n40028008011']"
MAT 28:9,ἐκράτησαν,n40028009011,προσελθοῦσαι,['n40028009010']
MAT 28:11,ἀπήγγειλαν,n40028011012,ἐλθόντες,"['n40028011008', 'n40028011009', 'n40028011010', 'n40028011011']"
MAT 28:12,ἔδωκαν,n40028012011,συναχθέντες/λαβόντες,"['n40028012002', 'n40028012003', 'n40028012004', 'n40028012005', 'n40028012007', 'n40028012006', 'n40028012008']"
MAT 28:13,ἔκλεψαν,n40028013009,ἐλθόντες,"['n40028013007', 'n40028013008']"
MAT 28:15,ἐποίησαν,n40028015006,λαβόντες,"['n40028015003', 'n40028015004', 'n40028015005']"
MAT 28:17,προσεκύνησαν,n40028017004,ἰδόντες,"['n40028017002', 'n40028017003']"
MAT 28:18,ἐλάλησεν,n40028018005,προσελθὼν,['n40028018002']
MAT 28:19,μαθητεύσατε,n40028019003,πορευθέντες,['n40028019001']
MAT 1:18,μνηστευθείσης,n40001018009,μνηστευθείσης,"['n40001018009', 'n40001018010', 'n40001018011', 'n40001018012', 'n40001018013', 'n40001018014', 'n40001018015']"
MAT 2:1,γεννηθέντος,n40002001004,γεννηθέντος,"['n40002001001', 'n40002001003', 'n40002001004', 'n40002001005', 'n40002001006', 'n40002001007', 'n40002001008', 'n40002001009', 'n40002001010', 'n40002001011', 'n40002001012', 'n40002001013']"
MAT 2:13,Ἀναχωρησάντων,n40002013001,Ἀναχωρησάντων,"['n40002013001', 'n40002013003']"
MAT 2:19,Τελευτήσαντος,n40002019001,Τελευτήσαντος,"['n40002019001', 'n40002019003', 'n40002019004']"
MAT 5:1,καθίσαντος,n40005001010,καθίσαντος,"['n40005001010', 'n40005001011']"
MAT 8:1,Καταβάντος,n40008001001,Καταβάντος,"['n40008001001', 'n40008001003', 'n40008001004', 'n40008001005', 'n40008001006']"
MAT 8:5,Εἰσελθόντος,n40008005001,Εἰσελθόντος,"['n40008005001', 'n40008005003', 'n40008005004', 'n40008005005']"
MAT 8:16,γενομένης,n40008016003,γενομένης,"['n40008016001', 'n40008016003']"
MAT 8:23,ἐμβάντι,n40008023002,ἐμβάντι,"['n40008023002', 'n40008023003', 'n40008023004', 'n40008023005']"
MAT 8:28,ἐλθόντος,n40008028002,ἐλθόντος,"['n40008028002', 'n40008028003', 'n40008028004', 'n40008028005', 'n40008028006', 'n40008028007', 'n40008028008', 'n40008028009', 'n40008028010', 'n40008028011']"
MAT 9:27,παράγοντι,n40009027002,παράγοντι,"['n40009027002', 'n40009027003', 'n40009027004', 'n40009027005']"
MAT 9:28,ἐλθόντι,n40009028001,ἐλθόντι,"['n40009028001', 'n40009028003', 'n40009028004', 'n40009028005']"
MAT 9:32,ἐξερχομένων,n40009032003,ἐξερχομένων,"['n40009032001', 'n40009032003']"
MAT 9:33,ἐκβληθέντος,n40009033002,ἐκβληθέντος,"['n40009033002', 'n40009033003', 'n40009033004']"
MAT 11:7,πορευομένων,n40011007003,πορευομένων,"['n40011007001', 'n40011007003']"
MAT 13:19,ἀκούοντος,n40013019002,ἀκούοντος,"['n40013019001', 'n40013019002', 'n40013019003', 'n40013019004', 'n40013019005', 'n40013019006']"
MAT 14:15,γενομένης,n40014015003,γενομένης,"['n40014015001', 'n40014015003']"
MAT 14:23,γενομένης,n40014023014,γενομένης,"['n40014023012', 'n40014023014']"
MAT 14:32,ἀναβάντων,n40014032002,ἀναβάντων,"['n40014032002', 'n40014032003', 'n40014032004', 'n40014032005', 'n40014032006']"
MAT 17:9,καταβαινόντων,n40017009002,καταβαινόντων,"['n40017009002', 'n40017009003', 'n40017009004', 'n40017009005', 'n40017009006']"
MAT 17:14,ἐλθόντων,n40017014002,ἐλθόντων,"['n40017014002', 'n40017014003', 'n40017014004', 'n40017014005']"
MAT 17:22,Συστρεφομένων,n40017022001,Συστρεφομένων,"['n40017022001', 'n40017022003', 'n40017022004', 'n40017022005', 'n40017022006']"
MAT 17:24,Ἐλθόντων,n40017024001,Ἐλθόντων,"['n40017024001', 'n40017024003', 'n40017024004', 'n40017024005']"
MAT 17:25,ἐλθόντα,n40017025004,ἐλθόντα,"['n40017025004', 'n40017025005', 'n40017025006', 'n40017025007']"
MAT 17:26,εἰπόντος,n40017026001,εἰπόντος,"['n40017026001', 'n40017026003', 'n40017026004', 'n40017026005']"
MAT 20:8,γενομένης,n40020008003,γενομένης,"['n40020008001', 'n40020008003']"
MAT 20:29,ἐκπορευομένων,n40020029002,ἐκπορευομένων,"['n40020029002', 'n40020029003', 'n40020029004', 'n40020029005']"
MAT 21:10,εἰσελθόντος,n40021010002,εἰσελθόντος,"['n40021010002', 'n40021010003', 'n40021010004', 'n40021010005']"
MAT 21:23,ἐλθόντος,n40021023002,ἐλθόντος,"['n40021023002', 'n40021023003', 'n40021023004', 'n40021023005', 'n40021023006']"
MAT 21:35,λαβόντες,n40021035002,λαβόντες,"['n40021035002', 'n40021035003', 'n40021035004', 'n40021035005', 'n40021035006', 'n40021035007']"
MAT 22:41,Συνηγμένων,n40022041001,Συνηγμένων,"['n40022041001', 'n40022041003', 'n40022041004']"
MAT 23:24,διϋλίζοντες,n40023024004,διϋλίζοντες,"['n40023024004', 'n40023024005', 'n40023024006']"
MAT 24:3,Καθημένου,n40024003001,Καθημένου,"['n40024003001', 'n40024003003', 'n40024003004', 'n40024003005', 'n40024003006', 'n40024003007', 'n40024003008']"
MAT 25:5,χρονίζοντος,n40025005001,χρονίζοντος,"['n40025005001', 'n40025005003', 'n40025005004']"
MAT 26:20,γενομένης,n40026020003,γενομένης,"['n40026020001', 'n40026020003']"
MAT 26:21,ἐσθιόντων,n40026021002,ἐσθιόντων,"['n40026021002', 'n40026021003']"
MAT 26:26,Ἐσθιόντων,n40026026001,Ἐσθιόντων,"['n40026026001', 'n40026026003']"
MAT 26:71,ἐξελθόντα,n40026071001,ἐξελθόντα,"['n40026071001', 'n40026071003', 'n40026071004', 'n40026071005']"
MAT 27:1,γενομένης,n40027001003,γενομένης,"['n40027001001', 'n40027001003']"
MAT 27:19,Καθημένου,n40027019001,Καθημένου,"['n40027019001', 'n40027019003', 'n40027019004', 'n40027019005', 'n40027019006']"
MAT 27:57,γενομένης,n40027057003,γενομένης,"['n40027057001', 'n40027057003']"
MAT 28:11,Πορευομένων,n40028011001,Πορευομένων,"['n40028011001', 'n40028011003']"
