ACT 1:2,ἀνελήμφθη,n44001002012,ἐντειλάμενος,"['n44001002004', 'n44001002005', 'n44001002006', 'n44001002010', 'n44001002011', 'n44001002007', 'n44001002008', 'n44001002009']"
ACT 1:2,παρέστησεν,n44001003003,ἐντειλάμενος,"['n44001002002', 'n44001002003', 'n44001002004', 'n44001002005', 'n44001002006', 'n44001002010', 'n44001002011', 'n44001002007', 'n44001002008', 'n44001002009', 'n44001002012']"
ACT 1:4,παρήγγειλεν,n44001004003,συναλιζόμενος,['n44001004002']
ACT 1:6,ἠρώτων,n44001006005,συνελθόντες,['n44001006004']
ACT 1:9,ἐπήρθη,n44001009006,βλεπόντων,"['n44001009004', 'n44001009005']"
ACT 1:9,ἐπήρθη,n44001009006,εἰπὼν,"['n44001009002', 'n44001009003']"
ACT 1:15,εἶπεν,n44001015012,ἀναστὰς,"['n44001015006', 'n44001015008', 'n44001015009', 'n44001015010', 'n44001015011']"
ACT 1:18,ἐλάκησεν,n44001018013,γενόμενος,"['n44001018011', 'n44001018012']"
ACT 1:24,εἶπαν,n44001024003,προσευξάμενοι,['n44001024002']
ACT 2:13,ἔλεγον,n44002013004,διαχλευάζοντες,['n44002013003']
ACT 2:14,ἐπῆρεν,n44002014008,Σταθεὶς,"['n44002014001', 'n44002014005', 'n44002014006', 'n44002014007']"
ACT 2:23,ἀνείλατε,n44002023014,προσπήξαντες,['n44002023013']
ACT 2:31,ἐλάλησεν,n44002031002,προϊδὼν,['n44002031001']
ACT 2:30,ἐλάλησεν,n44002031002,ὑπάρχων/εἰδὼς,"['n44002030001', 'n44002030003', 'n44002030004', 'n44002030005', 'n44002030006', 'n44002030007', 'n44002030008', 'n44002030009', 'n44002030010', 'n44002030011', 'n44002030012', 'n44002030013', 'n44002030014', 'n44002030015', 'n44002030016', 'n44002030017', 'n44002030018', 'n44002030019', 'n44002030020', 'n44002030021']"
ACT 2:33,ἐξέχεεν,n44002033018,ὑψωθεὶς/λαβὼν,"['n44002033001', 'n44002033002', 'n44002033004', 'n44002033005', 'n44002033006', 'n44002033008', 'n44002033007', 'n44002033009', 'n44002033010', 'n44002033011', 'n44002033012', 'n44002033013', 'n44002033014', 'n44002033015', 'n44002033016', 'n44002033017']"
ACT 2:37,κατενύγησαν,n44002037003,Ἀκούσαντες,['n44002037001']
ACT 2:46,μετελάμβανον,n44002046014,προσκαρτεροῦντες/κλῶντές,"['n44002046001', 'n44002046002', 'n44002046004', 'n44002046005', 'n44002046006', 'n44002046007', 'n44002046008', 'n44002046010', 'n44002046009', 'n44002046011', 'n44002046012', 'n44002046013']"
ACT 3:3,ἠρώτα,n44003003011,ἰδὼν/μέλλοντας,"['n44003003002', 'n44003003003', 'n44003003004', 'n44003003005', 'n44003003006', 'n44003003007', 'n44003003008', 'n44003003009', 'n44003003010']"
ACT 3:4,εἶπεν,n44003004009,ἀτενίσας,"['n44003004001', 'n44003004004', 'n44003004005', 'n44003004006', 'n44003004007', 'n44003004008']"
ACT 3:7,ἤγειρεν,n44003007007,πιάσας,"['n44003007002', 'n44003007003', 'n44003007004', 'n44003007005', 'n44003007006']"
ACT 3:8,ἔστη,n44003008003,ἐξαλλόμενος,['n44003008002']
ACT 3:12,ἀπεκρίνατο,n44003012005,ἰδὼν,['n44003012001']
ACT 3:26,ἀπέστειλεν,n44003026009,ἀναστήσας,"['n44003026003', 'n44003026006', 'n44003026007', 'n44003026008']"
ACT 4:1,ἐπέστησαν,n44004001007,Λαλούντων,"['n44004001001', 'n44004001003', 'n44004001004', 'n44004001005', 'n44004001006']"
ACT 4:7,ἐπυνθάνοντο,n44004007007,στήσαντες,"['n44004007002', 'n44004007003', 'n44004007004', 'n44004007005', 'n44004007006']"
ACT 4:8,εἶπεν,n44004008006,πλησθεὶς,"['n44004008003', 'n44004008004', 'n44004008005']"
ACT 4:13,ἐθαύμαζον,n44004013017,Θεωροῦντες/καταλαβόμενοι,"['n44004013001', 'n44004013003', 'n44004013004', 'n44004013005', 'n44004013007', 'n44004013008', 'n44004013006', 'n44004013009', 'n44004013010', 'n44004013011', 'n44004013012', 'n44004013013', 'n44004013014', 'n44004013015', 'n44004013016']"
ACT 4:14,εἶχον,n44004014011,βλέποντες/ἑστῶτα,"['n44004014004', 'n44004014001', 'n44004014003', 'n44004014008', 'n44004014009', 'n44004014005', 'n44004014006', 'n44004014007']"
ACT 4:15,συνέβαλλον,n44004015008,κελεύσαντες,"['n44004015001', 'n44004015003', 'n44004015004', 'n44004015005', 'n44004015006', 'n44004015007']"
ACT 4:18,παρήγγειλαν,n44004018004,καλέσαντες,"['n44004018002', 'n44004018003']"
ACT 4:19,εἶπον,n44004019007,ἀποκριθέντες,['n44004019006']
ACT 4:21,ἀπέλυσαν,n44004021004,προσαπειλησάμενοι,['n44004021003']
ACT 4:23,ἦλθον,n44004023003,Ἀπολυθέντες,['n44004023001']
ACT 4:24,ἦραν,n44004024005,ἀκούσαντες,['n44004024003']
ACT 4:34,ἔφερον,n44004034016,πωλοῦντες,['n44004034015']
ACT 4:37,ἤνεγκεν,n44004037005,πωλήσας,['n44004037004']
ACT 5:2,ἔθηκεν,n44005002019,ἐνέγκας,"['n44005002011', 'n44005002012', 'n44005002013']"
ACT 5:4,ἔμενεν,n44005004004,μένον,['n44005004002']
ACT 5:5,ἐξέψυξεν,n44005005009,πεσὼν,['n44005005008']
ACT 5:5,ἐξέψυξεν,n44005005009,ἀκούων,"['n44005005001', 'n44005005005', 'n44005005006', 'n44005005007']"
ACT 5:6,συνέστειλαν,n44005006005,ἀναστάντες,['n44005006001']
ACT 5:6,ἔθαψαν,n44005006009,ἐξενέγκαντες,['n44005006008']
ACT 5:7,εἰσῆλθεν,n44005007015,εἰδυῖα,"['n44005007011', 'n44005007012', 'n44005007013', 'n44005007014']"
ACT 5:10,εὗρον,n44005010014,εἰσελθόντες,['n44005010010']
ACT 5:10,ἔθαψαν,n44005010019,ἐξενέγκαντες,['n44005010018']
ACT 5:17,ἐπλήσθησαν,n44005017015,Ἀναστὰς,['n44005017001']
ACT 5:19,εἶπεν,n44005019014,ἐξαγαγών,"['n44005019011', 'n44005019013']"
ACT 5:20,λαλεῖτε,n44005020004,σταθέντες,['n44005020003']
ACT 5:21,εἰσῆλθον,n44005021003,ἀκούσαντες,['n44005021001']
ACT 5:21,συνεκάλεσαν,n44005021020,Παραγενόμενος,['n44005021012']
ACT 5:22,ἀπήγγειλαν,n44005022013,ἀναστρέψαντες,['n44005022011']
ACT 5:23,εὕρομεν,n44005023021,ἀνοίξαντες,['n44005023017']
ACT 5:25,ἀπήγγειλεν,n44005025004,παραγενόμενος,['n44005025001']
ACT 5:26,ἤγαγεν,n44005026008,ἀπελθὼν,['n44005026002']
ACT 5:27,ἔστησαν,n44005027004,Ἀγαγόντες,"['n44005027001', 'n44005027003']"
ACT 5:29,εἶπαν,n44005029007,ἀποκριθεὶς,['n44005029001']
ACT 5:33,διεπρίοντο,n44005033004,ἀκούσαντες,['n44005033003']
ACT 5:34,ἐκέλευσεν,n44005034015,ἀναστὰς,['n44005034001']
ACT 5:40,παρήγγειλαν,n44005040006,δείραντες,['n44005040005']
ACT 5:40,παρήγγειλαν,n44005040006,προσκαλεσάμενοι,"['n44005040002', 'n44005040003', 'n44005040004']"
ACT 6:2,εἶπαν,n44006002009,προσκαλεσάμενοι,"['n44006002001', 'n44006002005', 'n44006002006', 'n44006002007', 'n44006002008']"
ACT 6:2,διακονεῖν,n44006002019,καταλείψαντας,"['n44006002014', 'n44006002015', 'n44006002016', 'n44006002017', 'n44006002018']"
ACT 6:6,ἐπέθηκαν,n44006006008,προσευξάμενοι,['n44006006007']
ACT 6:12,συνήρπασαν,n44006012013,ἐπιστάντες,['n44006012012']
ACT 6:15,εἶδον,n44006015011,ἀτενίσαντες,"['n44006015002', 'n44006015003', 'n44006015004']"
ACT 7:4,κατῴκησεν,n44007004006,ἐξελθὼν,"['n44007004002', 'n44007004003', 'n44007004004', 'n44007004005']"
ACT 7:9,ἀπέδοντο,n44007009007,ζηλώσαντες,"['n44007009004', 'n44007009005', 'n44007009006']"
ACT 7:12,ἐξαπέστειλεν,n44007012008,ἀκούσας/ὄντα,"['n44007012001', 'n44007012004', 'n44007012005', 'n44007012006', 'n44007012007']"
ACT 7:14,μετεκαλέσατο,n44007014004,ἀποστείλας,['n44007014001']
ACT 7:19,ἐκάκωσεν,n44007019006,κατασοφισάμενος,"['n44007019002', 'n44007019003', 'n44007019004', 'n44007019005']"
ACT 7:24,ἠμύνατο,n44007024005,ἰδών/ἀδικούμενον,"['n44007024002', 'n44007024003', 'n44007024004']"
ACT 7:26,ὤφθη,n44007026005,ἐπιούσῃ,"['n44007026001', 'n44007026003', 'n44007026004']"
ACT 7:31,ἐθαύμασεν,n44007031005,ἰδὼν,['n44007031004']
ACT 7:31,ἐγένετο,n44007031012,προσερχομένου,"['n44007031008', 'n44007031010', 'n44007031011']"
ACT 7:32,ἐτόλμα,n44007032019,γενόμενος,"['n44007032014', 'n44007032016']"
ACT 7:34,εἶδον,n44007034002,ἰδὼν,['n44007034001']
ACT 7:54,διεπρίοντο,n44007054004,Ἀκούοντες,"['n44007054001', 'n44007054003']"
ACT 7:55,εἶδεν,n44007055010,ἀτενίσας,"['n44007055006', 'n44007055007', 'n44007055008', 'n44007055009']"
ACT 7:55,εἶδεν,n44007055010,ὑπάρχων,"['n44007055001', 'n44007055003', 'n44007055004', 'n44007055005']"
ACT 7:57,συνέσχον,n44007057005,κράξαντες,"['n44007057001', 'n44007057003', 'n44007057004']"
ACT 7:58,ἐλιθοβόλουν,n44007058006,ἐκβαλόντες,"['n44007058002', 'n44007058003', 'n44007058004', 'n44007058005']"
ACT 7:60,ἔκραξεν,n44007060005,θεὶς,"['n44007060001', 'n44007060003', 'n44007060004']"
ACT 7:60,ἐκοιμήθη,n44007060018,εἰπὼν,"['n44007060016', 'n44007060017']"
ACT 8:3,παρεδίδου,n44008003015,σύρων,"['n44008003010', 'n44008003011', 'n44008003012', 'n44008003013', 'n44008003014']"
ACT 8:5,ἐκήρυσσεν,n44008005009,κατελθὼν,"['n44008005003', 'n44008005004', 'n44008005005', 'n44008005006', 'n44008005007', 'n44008005008']"
ACT 8:7,ἐξήρχοντο,n44008007010,βοῶντα,"['n44008007007', 'n44008007008', 'n44008007009']"
ACT 8:12,ἐβαπτίζοντο,n44008012017,εὐαγγελιζομένῳ,"['n44008012001', 'n44008012003', 'n44008012004', 'n44008012005', 'n44008012006', 'n44008012007', 'n44008012008', 'n44008012009', 'n44008012010', 'n44008012011', 'n44008012012', 'n44008012013', 'n44008012014', 'n44008012015', 'n44008012016']"
ACT 8:13,ἐξίστατο,n44008013020,θεωρῶν/γινομένας,"['n44008013013', 'n44008013014', 'n44008013015', 'n44008013016', 'n44008013017', 'n44008013018', 'n44008013019']"
ACT 8:14,ἀπέστειλαν,n44008014015,Ἀκούσαντες,"['n44008014001', 'n44008014007', 'n44008014008', 'n44008014009', 'n44008014010', 'n44008014011', 'n44008014012', 'n44008014013', 'n44008014014']"
ACT 8:15,προσηύξαντο,n44008015003,καταβάντες,['n44008015002']
ACT 8:18,προσήνεγκεν,n44008018016,ἰδὼν,"['n44008018001', 'n44008018005', 'n44008018006', 'n44008018007', 'n44008018008', 'n44008018009', 'n44008018010', 'n44008018011', 'n44008018012', 'n44008018013', 'n44008018014', 'n44008018015']"
ACT 8:24,εἶπεν,n44008024005,ἀποκριθεὶς,['n44008024001']
ACT 8:25,ὑπέστρεφον,n44008025011,διαμαρτυράμενοι/λαλήσαντες,"['n44008025004', 'n44008025005', 'n44008025006', 'n44008025007', 'n44008025008', 'n44008025009', 'n44008025010']"
ACT 8:27,ἐπορεύθη,n44008027003,ἀναστὰς,['n44008027002']
ACT 8:30,ἤκουσεν,n44008030005,προσδραμὼν,['n44008030001']
ACT 8:31,καθίσαι,n44008031018,ἀναβάντα,['n44008031017']
ACT 8:34,εἶπεν,n44008034007,ἀποκριθεὶς,['n44008034001']
ACT 8:35,εὐηγγελίσατο,n44008035014,ἀνοίξας/ἀρξάμενος,"['n44008035001', 'n44008035005', 'n44008035006', 'n44008035007', 'n44008035008', 'n44008035009', 'n44008035010', 'n44008035011', 'n44008035012', 'n44008035013']"
ACT 8:40,εὐηγγελίζετο,n44008040008,διερχόμενος,['n44008040007']
ACT 9:1,ᾐτήσατο,n44009002001,προσελθὼν,"['n44009001014', 'n44009001015', 'n44009001016']"
ACT 9:1,ᾐτήσατο,n44009002001,ἐμπνέων,"['n44009001004', 'n44009001005', 'n44009001006', 'n44009001007', 'n44009001008', 'n44009001009', 'n44009001010', 'n44009001011', 'n44009001012', 'n44009001013']"
ACT 9:2,ἀγάγῃ,n44009002022,δεδεμένους,['n44009002021']
ACT 9:2,ἀγάγῃ,n44009002022,ὄντας,"['n44009002011', 'n44009002013', 'n44009002012', 'n44009002014', 'n44009002015', 'n44009002016', 'n44009002018', 'n44009002017', 'n44009002019', 'n44009002020']"
ACT 9:4,ἤκουσεν,n44009004006,πεσὼν,"['n44009004002', 'n44009004003', 'n44009004004', 'n44009004005']"
ACT 9:8,εἰσήγαγον,n44009008017,χειραγωγοῦντες,['n44009008014']
ACT 9:11,πορεύθητι,n44009011007,Ἀναστὰς,['n44009011006']
ACT 9:17,εἶπεν,n44009017015,ἐπιθεὶς,"['n44009017010', 'n44009017011', 'n44009017012', 'n44009017013', 'n44009017014']"
ACT 9:18,ἐβαπτίσθη,n44009018014,ἀναστὰς,['n44009018013']
ACT 9:19,ἐνίσχυσεν,n44009019004,λαβὼν,"['n44009019002', 'n44009019003']"
ACT 9:21,ἀγάγῃ,n44009021028,δεδεμένους,['n44009021026']
ACT 9:25,καθῆκαν,n44009025010,λαβόντες,['n44009025001']
ACT 9:26,ἐπείραζεν,n44009026005,Παραγενόμενος,"['n44009026001', 'n44009026003', 'n44009026004']"
ACT 9:27,ἤγαγεν,n44009027005,ἐπιλαβόμενος,"['n44009027003', 'n44009027004']"
ACT 9:30,κατήγαγον,n44009030005,ἐπιγνόντες,['n44009030001']
ACT 9:31,ἐπληθύνετο,n44009031028,πορευομένη,"['n44009031017', 'n44009031018', 'n44009031019', 'n44009031020', 'n44009031021', 'n44009031022', 'n44009031023', 'n44009031024', 'n44009031025', 'n44009031026', 'n44009031027']"
ACT 9:32,κατελθεῖν,n44009032007,διερχόμενον,"['n44009032004', 'n44009032005', 'n44009032006']"
ACT 9:37,ἀποθανεῖν,n44009037009,ἀσθενήσασαν,['n44009037007']
ACT 9:37,ἔθηκαν,n44009037012,λούσαντες,['n44009037010']
ACT 9:38,ἀπέστειλαν,n44009038015,ἀκούσαντες,"['n44009038009', 'n44009038010', 'n44009038011', 'n44009038012', 'n44009038013', 'n44009038014']"
ACT 9:39,συνῆλθεν,n44009039004,ἀναστὰς,['n44009039001']
ACT 9:39,ἀνήγαγον,n44009039008,παραγενόμενον,['n44009039007']
ACT 9:40,προσηύξατο,n44009040011,ἐκβαλὼν/θεὶς,"['n44009040001', 'n44009040003', 'n44009040004', 'n44009040007', 'n44009040008', 'n44009040009', 'n44009040010']"
ACT 9:40,εἶπεν,n44009040017,ἐπιστρέψας,"['n44009040013', 'n44009040014', 'n44009040015', 'n44009040016']"
ACT 9:40,ἀνεκάθισεν,n44009040030,ἰδοῦσα,"['n44009040027', 'n44009040028', 'n44009040029']"
ACT 9:41,ἀνέστησεν,n44009041005,δοὺς,"['n44009041001', 'n44009041003', 'n44009041004']"
ACT 9:41,παρέστησεν,n44009041014,φωνήσας,"['n44009041007', 'n44009041009', 'n44009041010', 'n44009041011', 'n44009041012', 'n44009041013']"
ACT 10:4,εἶπεν,n44010004008,ἀτενίσας/γενόμενος,"['n44010004003', 'n44010004004', 'n44010004005', 'n44010004006', 'n44010004007']"
ACT 10:7,ἀπέστειλεν,n44010008005,φωνήσας/ἐξηγησάμενος,"['n44010007009', 'n44010007010', 'n44010007011', 'n44010007012', 'n44010007013', 'n44010007014', 'n44010007015', 'n44010007016', 'n44010007017', 'n44010007018', 'n44010008001', 'n44010008002', 'n44010008003', 'n44010008004']"
ACT 10:9,ἀνέβη,n44010009010,ὁδοιπορούντων/ἐγγιζόντων,"['n44010009004', 'n44010009005', 'n44010009006', 'n44010009007', 'n44010009008', 'n44010009009']"
ACT 10:17,ἐπέστησαν,n44010017028,διερωτήσαντες,"['n44010017023', 'n44010017024', 'n44010017025', 'n44010017026', 'n44010017027']"
ACT 10:18,ἐπυνθάνοντο,n44010018003,φωνήσαντες,['n44010018002']
ACT 10:19,εἶπεν,n44010019008,διενθυμουμένου,"['n44010019001', 'n44010019003', 'n44010019004', 'n44010019005', 'n44010019006', 'n44010019007']"
ACT 10:20,κατάβηθι,n44010020003,ἀναστὰς,['n44010020002']
ACT 10:21,εἶπεν,n44010021007,καταβὰς,['n44010021001']
ACT 10:23,ἐξένισεν,n44010023004,εἰσκαλεσάμενος,"['n44010023001', 'n44010023003']"
ACT 10:23,ἐξῆλθεν,n44010023009,ἀναστὰς,['n44010023008']
ACT 10:25,προσεκύνησεν,n44010025016,πεσὼν,"['n44010025012', 'n44010025013', 'n44010025014', 'n44010025015']"
ACT 10:25,προσεκύνησεν,n44010025016,συναντήσας,"['n44010025008', 'n44010025009']"
ACT 10:27,εἰσῆλθεν,n44010027004,συνομιλῶν,"['n44010027002', 'n44010027003']"
ACT 10:34,εἶπεν,n44010034006,Ἀνοίξας,"['n44010034001', 'n44010034004', 'n44010034005']"
ACT 10:44,ἐπέπεσε,n44010044008,λαλοῦντος,"['n44010044001', 'n44010044002', 'n44010044003', 'n44010044004', 'n44010044005', 'n44010044006', 'n44010044007']"
ACT 11:4,ἐξετίθετο,n44011004004,ἀρξάμενος,['n44011004001']
ACT 11:6,κατενόουν,n44011006004,ἀτενίσας,"['n44011006001', 'n44011006002', 'n44011006003']"
ACT 11:18,ἡσύχασαν,n44011018004,ἀκούσαντες,"['n44011018001', 'n44011018003']"
ACT 11:20,ἐλάλουν,n44011020014,ἐλθόντες,"['n44011020011', 'n44011020012', 'n44011020013']"
ACT 11:23,ἐχάρη,n44011023010,παραγενόμενος/ἰδὼν,"['n44011023002', 'n44011023003', 'n44011023004', 'n44011023005', 'n44011023006', 'n44011023007', 'n44011023008', 'n44011023009']"
ACT 11:26,ἤγαγεν,n44011026003,εὑρὼν,['n44011026002']
ACT 11:28,ἐσήμανεν,n44011028008,ἀναστὰς,['n44011028001']
ACT 12:3,προσέθετο,n44012003008,ἰδὼν,"['n44012003001', 'n44012003003', 'n44012003004', 'n44012003005', 'n44012003006', 'n44012003007']"
ACT 12:4,ἔθετο,n44012004004,πιάσας,"['n44012004001', 'n44012004002', 'n44012004003']"
ACT 12:7,ἤγειρεν,n44012007018,πατάξας,"['n44012007012', 'n44012007014', 'n44012007015', 'n44012007016', 'n44012007017']"
ACT 12:9,ἠκολούθει,n44012009003,ἐξελθὼν,['n44012009002']
ACT 12:10,ἦλθαν,n44012010007,διελθόντες,"['n44012010001', 'n44012010003', 'n44012010005', 'n44012010006', 'n44012010004']"
ACT 12:10,προῆλθον,n44012010024,ἐξελθόντες,['n44012010023']
ACT 12:11,εἶπεν,n44012011007,γενόμενος,"['n44012011004', 'n44012011005', 'n44012011006']"
ACT 12:12,ἦλθεν,n44012012003,Συνιδών,['n44012012001']
ACT 12:14,ἤνοιξεν,n44012014011,ἐπιγνοῦσα,"['n44012014002', 'n44012014003', 'n44012014004', 'n44012014005', 'n44012014006']"
ACT 12:14,ἀπήγγειλεν,n44012014016,εἰσδραμοῦσα,['n44012014014']
ACT 12:16,εἶδαν,n44012016008,ἀνοίξαντες,['n44012016006']
ACT 12:17,διηγήσατο,n44012017007,κατασείσας,"['n44012017001', 'n44012017003', 'n44012017004', 'n44012017005', 'n44012017006']"
ACT 12:17,ἐπορεύθη,n44012017027,ἐξελθὼν,['n44012017026']
ACT 12:19,ἐκέλευσεν,n44012019011,ἀνακρίνας,"['n44012019008', 'n44012019009', 'n44012019010']"
ACT 12:19,ἐκέλευσεν,n44012019011,ἐπιζητήσας/εὑρὼν,"['n44012019003', 'n44012019004', 'n44012019005', 'n44012019006', 'n44012019007']"
ACT 12:19,διέτριβεν,n44012019020,κατελθὼν,"['n44012019014', 'n44012019015', 'n44012019016', 'n44012019017', 'n44012019018', 'n44012019019']"
ACT 12:20,ᾐτοῦντο,n44012020021,πείσαντες,"['n44012020013', 'n44012020014', 'n44012020015', 'n44012020016', 'n44012020017', 'n44012020018', 'n44012020019', 'n44012020020']"
ACT 12:21,ἐδημηγόρει,n44012021014,ἐνδυσάμενος/καθίσας,"['n44012021006', 'n44012021007', 'n44012021008', 'n44012021009', 'n44012021010', 'n44012021011', 'n44012021012', 'n44012021013']"
ACT 12:23,ἐξέψυξεν,n44012023018,γενόμενος,"['n44012023016', 'n44012023017']"
ACT 13:3,ἀπέλυσαν,n44013003010,νηστεύσαντες/προσευξάμενοι/ἐπιθέντες,"['n44013003002', 'n44013003003', 'n44013003004', 'n44013003005', 'n44013003006', 'n44013003007', 'n44013003008', 'n44013003009']"
ACT 13:4,κατῆλθον,n44013004009,ἐκπεμφθέντες,"['n44013004004', 'n44013004005', 'n44013004006', 'n44013004007', 'n44013004008']"
ACT 13:5,κατήγγελλον,n44013005005,γενόμενοι,"['n44013005002', 'n44013005003', 'n44013005004']"
ACT 13:6,εὗρον,n44013006008,διελθόντες,"['n44013006001', 'n44013006003', 'n44013006004', 'n44013006005', 'n44013006006', 'n44013006007']"
ACT 13:7,ἐπεζήτησεν,n44013007015,προσκαλεσάμενος,"['n44013007011', 'n44013007012', 'n44013007013', 'n44013007014']"
ACT 13:9,εἶπεν,n44013010001,ἀτενίσας,"['n44013009009', 'n44013009010', 'n44013009011']"
ACT 13:9,εἶπεν,n44013010001,πλησθεὶς,"['n44013009006', 'n44013009007', 'n44013009008']"
ACT 13:11,ἐζήτει,n44013011027,περιάγων,['n44013011026']
ACT 13:12,ἐπίστευσεν,n44013012007,ἰδὼν,"['n44013012002', 'n44013012005', 'n44013012006']"
ACT 13:13,ἦλθον,n44013013009,Ἀναχθέντες,"['n44013013001', 'n44013013003', 'n44013013004', 'n44013013005']"
ACT 13:13,ὑπέστρεψεν,n44013013019,ἀποχωρήσας,"['n44013013016', 'n44013013017', 'n44013013018']"
ACT 13:14,παρεγένοντο,n44013014007,διελθόντες,"['n44013014003', 'n44013014004', 'n44013014005', 'n44013014006']"
ACT 13:14,ἐκάθισαν,n44013014021,εἰσελθόντες,"['n44013014013', 'n44013014014', 'n44013014015', 'n44013014016', 'n44013014017', 'n44013014018', 'n44013014019', 'n44013014020']"
ACT 13:16,εἶπεν,n44013016008,ἀναστὰς/κατασείσας,"['n44013016001', 'n44013016004', 'n44013016005', 'n44013016006', 'n44013016007']"
ACT 13:19,κατεκληρονόμησεν,n44013019008,καθελὼν,"['n44013019002', 'n44013019003', 'n44013019004', 'n44013019005', 'n44013019006', 'n44013019007']"
ACT 13:22,ἤγειρεν,n44013022004,μεταστήσας,"['n44013022002', 'n44013022003']"
ACT 13:22,Εὗρον,n44013022014,μαρτυρήσας,"['n44013022010', 'n44013022011', 'n44013022012', 'n44013022013']"
ACT 13:27,ἐπλήρωσαν,n44013027023,κρίναντες,['n44013027022']
ACT 13:27,ἐπλήρωσαν,n44013027023,ἀγνοήσαντες,"['n44013027010', 'n44013027011', 'n44013027012', 'n44013027013', 'n44013027014', 'n44013027015', 'n44013027016', 'n44013027017', 'n44013027018', 'n44013027019', 'n44013027020', 'n44013027021']"
ACT 13:28,ᾐτήσαντο,n44013028006,εὑρόντες,"['n44013028002', 'n44013028003', 'n44013028004', 'n44013028005']"
ACT 13:29,ἔθηκαν,n44013029013,καθελόντες,"['n44013029009', 'n44013029010', 'n44013029011', 'n44013029012']"
ACT 13:36,ἐκοιμήθη,n44013036011,ὑπηρετήσας,"['n44013036004', 'n44013036005', 'n44013036006', 'n44013036007', 'n44013036008', 'n44013036009', 'n44013036010']"
ACT 13:43,ἔπειθον,n44013043021,προσλαλοῦντες,"['n44013043019', 'n44013043020']"
ACT 13:44,συνήχθη,n44013044009,ἐρχομένῳ,"['n44013044001', 'n44013044003', 'n44013044004']"
ACT 13:45,ἐπλήσθησαν,n44013045007,ἰδόντες,"['n44013045001', 'n44013045005', 'n44013045006']"
ACT 13:46,εἶπαν,n44013046008,παρρησιασάμενοί,['n44013046001']
ACT 13:48,ἔχαιρον,n44013048005,ἀκούοντα,['n44013048001']
ACT 13:51,ἦλθον,n44013051010,ἐκτιναξάμενοι,"['n44013051003', 'n44013051004', 'n44013051005', 'n44013051006', 'n44013051007', 'n44013051008', 'n44013051009']"
ACT 14:6,κατέφυγον,n44014006002,συνιδόντες,['n44014006001']
ACT 14:9,εἶπεν,n44014010001,ἀτενίσας/ἰδὼν,"['n44014009007', 'n44014009008', 'n44014009009', 'n44014009010', 'n44014009011', 'n44014009012', 'n44014009013', 'n44014009014', 'n44014009015']"
ACT 14:9,Ἀνάστηθι,n44014010004,ἀτενίσας/ἰδὼν,"['n44014009006', 'n44014009007', 'n44014009008', 'n44014009009', 'n44014009010', 'n44014009011', 'n44014009012', 'n44014009013', 'n44014009014', 'n44014009015', 'n44014010001', 'n44014010002', 'n44014010003']"
ACT 14:11,ἐπῆραν,n44014011008,ἰδόντες,"['n44014011004', 'n44014011005', 'n44014011006', 'n44014011007']"
ACT 14:11,κατέβησαν,n44014011018,ὁμοιωθέντες,"['n44014011016', 'n44014011017']"
ACT 14:13,ἤθελεν,n44014013021,ἐνέγκας,"['n44014013011', 'n44014013012', 'n44014013013', 'n44014013014', 'n44014013015', 'n44014013016', 'n44014013017']"
ACT 14:14,ἐξεπήδησαν,n44014014012,διαρρήξαντες,"['n44014014008', 'n44014014009', 'n44014014010', 'n44014014011']"
ACT 14:14,ἐξεπήδησαν,n44014014012,ἀκούσαντες,['n44014014001']
ACT 14:16,εἴασεν,n44014016006,παρῳχημέναις,"['n44014016002', 'n44014016003', 'n44014016004', 'n44014016005']"
ACT 14:18,κατέπαυσαν,n44014018005,λέγοντες,"['n44014018002', 'n44014018003']"
ACT 14:19,ἔσυρον,n44014019016,πείσαντες/λιθάσαντες,"['n44014019009', 'n44014019010', 'n44014019011', 'n44014019012', 'n44014019013', 'n44014019014', 'n44014019015']"
ACT 14:20,εἰσῆλθεν,n44014020007,ἀναστὰς,['n44014020006']
ACT 14:21,ὑπέστρεψαν,n44014021009,Εὐαγγελισάμενοί/μαθητεύσαντες,"['n44014021001', 'n44014021003', 'n44014021004', 'n44014021005', 'n44014021006', 'n44014021007', 'n44014021008']"
ACT 14:23,παρέθεντο,n44014023010,προσευξάμενοι,"['n44014023007', 'n44014023008', 'n44014023009']"
ACT 14:23,παρέθεντο,n44014023010,χειροτονήσαντες,"['n44014023001', 'n44014023003', 'n44014023004', 'n44014023005', 'n44014023006']"
ACT 14:24,ἦλθον,n44014024005,διελθόντες,"['n44014024002', 'n44014024003', 'n44014024004']"
ACT 14:25,κατέβησαν,n44014025007,λαλήσαντες,"['n44014025002', 'n44014025003', 'n44014025004', 'n44014025005', 'n44014025006']"
ACT 14:27,ἀνήγγελλον,n44014027007,παραγενόμενοι/συναγαγόντες,"['n44014027001', 'n44014027003', 'n44014027004', 'n44014027005', 'n44014027006']"
ACT 15:1,ἐδίδασκον,n44015001007,κατελθόντες,"['n44015001003', 'n44015001004', 'n44015001005', 'n44015001006']"
ACT 15:2,ἔταξαν,n44015002015,γενομένης,"['n44015002001', 'n44015002003', 'n44015002004', 'n44015002005', 'n44015002006', 'n44015002007', 'n44015002008', 'n44015002009', 'n44015002010', 'n44015002011', 'n44015002012', 'n44015002013', 'n44015002014']"
ACT 15:3,διήρχοντο,n44015003008,προπεμφθέντες,"['n44015003004', 'n44015003005', 'n44015003006', 'n44015003007']"
ACT 15:4,παρεδέχθησαν,n44015004005,παραγενόμενοι,"['n44015004001', 'n44015004003', 'n44015004004']"
ACT 15:7,εἶπεν,n44015007007,ἀναστὰς,['n44015007005']
ACT 15:7,εἶπεν,n44015007007,γενομένης,"['n44015007001', 'n44015007003', 'n44015007004']"
ACT 15:22,πέμψαι,n44015022016,ἐκλεξαμένους,"['n44015022012', 'n44015022013', 'n44015022014', 'n44015022015']"
ACT 15:24,ἐτάραξαν,n44015024008,ἐξελθόντες,['n44015024007']
ACT 15:24,ἔδοξεν,n44015025001,ἐξελθόντες/ἀνασκευάζοντες,"['n44015024001', 'n44015024002', 'n44015024003', 'n44015024004', 'n44015024005', 'n44015024006', 'n44015024007', 'n44015024008', 'n44015024009', 'n44015024010', 'n44015024011', 'n44015024012', 'n44015024013', 'n44015024014', 'n44015024015', 'n44015024016', 'n44015024017']"
ACT 15:29,πράξετε,n44015029014,διατηροῦντες,"['n44015029009', 'n44015029010', 'n44015029011', 'n44015029012']"
ACT 15:30,κατῆλθον,n44015030005,ἀπολυθέντες,['n44015030004']
ACT 15:30,ἐπέδωκαν,n44015030012,συναγαγόντες,"['n44015030009', 'n44015030010', 'n44015030011']"
ACT 15:31,ἐχάρησαν,n44015031003,ἀναγνόντες,['n44015031001']
ACT 15:32,παρεκάλεσαν,n44015032012,ὄντες,"['n44015032005', 'n44015032006', 'n44015032007', 'n44015032008']"
ACT 15:33,ἀπελύθησαν,n44015033004,ποιήσαντες,"['n44015033001', 'n44015033003']"
ACT 15:36,ἐπισκεψώμεθα,n44015036011,Ἐπιστρέψαντες,['n44015036009']
ACT 15:39,ἐκπλεῦσαι,n44015039015,παραλαβόντα,"['n44015039012', 'n44015039013', 'n44015039014']"
ACT 15:40,ἐξῆλθεν,n44015040005,ἐπιλεξάμενος,"['n44015040003', 'n44015040004']"
ACT 16:3,περιέτεμεν,n44016003010,λαβὼν,['n44016003009']
ACT 16:7,ἐπείραζον,n44016007006,ἐλθόντες,"['n44016007001', 'n44016007003', 'n44016007004', 'n44016007005']"
ACT 16:8,κατέβησαν,n44016008005,παρελθόντες,"['n44016008001', 'n44016008003', 'n44016008004']"
ACT 16:9,βοήθησον,n44016009021,Διαβὰς,"['n44016009018', 'n44016009019', 'n44016009020']"
ACT 16:11,εὐθυδρομήσαμεν,n44016011005,Ἀναχθέντες,"['n44016011001', 'n44016011003', 'n44016011004']"
ACT 16:13,ἐλαλοῦμεν,n44016013018,καθίσαντες,['n44016013017']
ACT 16:15,μένετε,n44016015022,εἰσελθόντες,"['n44016015017', 'n44016015018', 'n44016015019', 'n44016015020', 'n44016015021']"
ACT 16:17,ἔκραζεν,n44016017007,κατακολουθοῦσα,"['n44016017002', 'n44016017003', 'n44016017004', 'n44016017005', 'n44016017006']"
ACT 16:18,εἶπεν,n44016018014,διαπονηθεὶς/ἐπιστρέψας,"['n44016018007', 'n44016018010', 'n44016018011', 'n44016018012', 'n44016018013']"
ACT 16:19,εἵλκυσαν,n44016019019,ἐπιλαβόμενοι,"['n44016019013', 'n44016019014', 'n44016019015', 'n44016019016', 'n44016019017', 'n44016019018']"
ACT 16:19,εἵλκυσαν,n44016019019,Ἰδόντες,"['n44016019001', 'n44016019006', 'n44016019007', 'n44016019008', 'n44016019009', 'n44016019010', 'n44016019011', 'n44016019012']"
ACT 16:20,εἶπαν,n44016020006,προσαγαγόντες,"['n44016020002', 'n44016020003', 'n44016020004', 'n44016020005']"
ACT 16:22,ἐκέλευον,n44016022014,περιρήξαντες,"['n44016022010', 'n44016022011', 'n44016022012', 'n44016022013']"
ACT 16:23,ἔβαλον,n44016023006,ἐπιθέντες,"['n44016023003', 'n44016023004', 'n44016023001', 'n44016023005']"
ACT 16:24,ἔβαλεν,n44016024005,λαβὼν,"['n44016024002', 'n44016024003', 'n44016024004']"
ACT 16:25,ὕμνουν,n44016025009,προσευχόμενοι,['n44016025008']
ACT 16:27,ἤμελλεν,n44016027016,σπασάμενος,"['n44016027013', 'n44016027014', 'n44016027015']"
ACT 16:27,ἤμελλεν,n44016027016,γενόμενος/ἰδὼν/ἀνεῳγμένας,"['n44016027001', 'n44016027003', 'n44016027006', 'n44016027007', 'n44016027008', 'n44016027009', 'n44016027010', 'n44016027011', 'n44016027012']"
ACT 16:29,εἰσεπήδησεν,n44016029004,αἰτήσας,"['n44016029001', 'n44016029003']"
ACT 16:29,προσέπεσεν,n44016029008,γενόμενος,"['n44016029006', 'n44016029007']"
ACT 16:30,ἔφη,n44016030005,προαγαγὼν,"['n44016030002', 'n44016030003', 'n44016030004']"
ACT 16:33,ἔλουσεν,n44016033010,παραλαβὼν,"['n44016033002', 'n44016033003', 'n44016033004', 'n44016033005', 'n44016033006', 'n44016033007', 'n44016033008', 'n44016033009']"
ACT 16:34,παρέθηκεν,n44016034007,ἀναγαγών,"['n44016034001', 'n44016034003', 'n44016034004', 'n44016034005', 'n44016034006']"
ACT 16:36,πορεύεσθε,n44016036020,ἐξελθόντες,['n44016036019']
ACT 16:37,ἔβαλαν,n44016037014,ὑπάρχοντας,"['n44016037011', 'n44016037012', 'n44016037013']"
ACT 16:37,ἔβαλαν,n44016037014,Δείραντες,"['n44016037007', 'n44016037008', 'n44016037009', 'n44016037010']"
ACT 16:37,ἐξαγαγέτωσαν,n44016037028,ἐλθόντες,['n44016037025']
ACT 16:39,παρεκάλεσαν,n44016039003,ἐλθόντες,['n44016039002']
ACT 16:39,ἠρώτων,n44016039007,ἐξαγαγόντες,['n44016039006']
ACT 16:40,εἰσῆλθον,n44016040006,ἐξελθόντες,"['n44016040001', 'n44016040003', 'n44016040004', 'n44016040005']"
ACT 16:40,παρεκάλεσαν,n44016040012,ἰδόντες,['n44016040011']
ACT 17:1,ἦλθον,n44017001008,Διοδεύσαντες,"['n44017001001', 'n44017001003', 'n44017001004', 'n44017001005', 'n44017001006', 'n44017001007']"
ACT 17:5,ἐθορύβουν,n44017005014,ζηλώσαντες/προσλαβόμενοι/ὀχλοποιήσαντες,"['n44017005001', 'n44017005005', 'n44017005006', 'n44017005007', 'n44017005008', 'n44017005009', 'n44017005010', 'n44017005011', 'n44017005012', 'n44017005013']"
ACT 17:5,ἐζήτουν,n44017005022,ἐπιστάντες,"['n44017005018', 'n44017005019', 'n44017005020', 'n44017005021']"
ACT 17:6,ἔσυρον,n44017006005,εὑρόντες,"['n44017006001', 'n44017006002', 'n44017006004']"
ACT 17:9,ἀπέλυσαν,n44017009011,λαβόντες,"['n44017009002', 'n44017009003', 'n44017009004', 'n44017009005', 'n44017009006', 'n44017009007', 'n44017009008', 'n44017009009', 'n44017009010']"
ACT 17:10,ἀπῄεσαν,n44017010023,παραγενόμενοι,['n44017010017']
ACT 17:15,ἐξῄεσαν,n44017015024,λαβόντες,"['n44017015010', 'n44017015011', 'n44017015012', 'n44017015013', 'n44017015014', 'n44017015015', 'n44017015016', 'n44017015017', 'n44017015018', 'n44017015019', 'n44017015020', 'n44017015021', 'n44017015022', 'n44017015023']"
ACT 17:19,ἤγαγον,n44017019008,ἐπιλαβόμενοί,"['n44017019001', 'n44017019003']"
ACT 17:22,ἔφη,n44017022009,Σταθεὶς,"['n44017022001', 'n44017022004', 'n44017022005', 'n44017022006', 'n44017022007', 'n44017022008']"
ACT 17:23,εὗρον,n44017023008,διερχόμενος/ἀναθεωρῶν,"['n44017023001', 'n44017023003', 'n44017023004', 'n44017023005', 'n44017023006', 'n44017023007']"
ACT 17:23,εὐσεβεῖτε,n44017023019,ἀγνοοῦντες,['n44017023018']
ACT 17:23,καταγγέλλω,n44017023022,ἀγνοοῦντες,"['n44017023016', 'n44017023018', 'n44017023019']"
ACT 17:24,κατοικεῖ,n44017024022,ὑπάρχων,"['n44017024013', 'n44017024014', 'n44017024015', 'n44017024017', 'n44017024016']"
ACT 17:29,ὀφείλομεν,n44017029007,ὑπάρχοντες,"['n44017029003', 'n44017029001', 'n44017029004', 'n44017029005']"
ACT 17:30,παραγγέλλει,n44017030012,ὑπεριδὼν,"['n44017030001', 'n44017030004', 'n44017030005', 'n44017030006', 'n44017030007']"
ACT 17:34,ἐπίστευσαν,n44017034006,κολληθέντες,"['n44017034004', 'n44017034005']"
ACT 18:1,ἦλθεν,n44018001007,χωρισθεὶς,"['n44018001003', 'n44018001004', 'n44018001005', 'n44018001006']"
ACT 18:2,προσῆλθεν,n44018002030,εὑρών/ἐληλυθότα,"['n44018002002', 'n44018002003', 'n44018002004', 'n44018002005', 'n44018002006', 'n44018002007', 'n44018002008', 'n44018002009', 'n44018002010', 'n44018002011', 'n44018002012', 'n44018002013', 'n44018002014', 'n44018002015', 'n44018002016', 'n44018002017', 'n44018002018', 'n44018002019', 'n44018002020', 'n44018002021', 'n44018002022', 'n44018002023', 'n44018002024', 'n44018002025', 'n44018002026', 'n44018002027', 'n44018002028', 'n44018002029']"
ACT 18:6,εἶπεν,n44018006009,ἐκτιναξάμενος,"['n44018006006', 'n44018006007', 'n44018006008']"
ACT 18:7,εἰσῆλθεν,n44018007004,μεταβὰς,"['n44018007002', 'n44018007003']"
ACT 18:8,ἐπίστευον,n44018008018,ἀκούοντες,['n44018008017']
ACT 18:14,εἶπεν,n44018014008,μέλλοντος,"['n44018014001', 'n44018014003', 'n44018014004', 'n44018014005', 'n44018014006', 'n44018014007']"
ACT 18:17,ἔτυπτον,n44018017007,ἐπιλαβόμενοι,"['n44018017001', 'n44018017004', 'n44018017005', 'n44018017006']"
ACT 18:18,ἐξέπλει,n44018018011,ἀποταξάμενος,"['n44018018008', 'n44018018009', 'n44018018010']"
ACT 18:18,ἐξέπλει,n44018018011,προσμείνας,"['n44018018004', 'n44018018005', 'n44018018006', 'n44018018007']"
ACT 18:19,διελέξατο,n44018019014,εἰσελθὼν,"['n44018019010', 'n44018019011', 'n44018019012', 'n44018019013']"
ACT 18:21,ἀνήχθη,n44018021012,ἀποταξάμενος/εἰπών/θέλοντος,"['n44018021002', 'n44018021003', 'n44018021004', 'n44018021005', 'n44018021006', 'n44018021007', 'n44018021008', 'n44018021009', 'n44018021010', 'n44018021011']"
ACT 18:22,κατέβη,n44018022010,ἀναβὰς/ἀσπασάμενος,"['n44018022005', 'n44018022006', 'n44018022007', 'n44018022008', 'n44018022009']"
ACT 18:22,κατέβη,n44018022010,κατελθὼν,"['n44018022002', 'n44018022003', 'n44018022004']"
ACT 18:23,ἐξῆλθεν,n44018023005,ποιήσας,"['n44018023002', 'n44018023003', 'n44018023004']"
ACT 18:26,προσελάβοντο,n44018026014,ἀκούσαντες,"['n44018026008', 'n44018026010']"
ACT 18:27,ἔγραψαν,n44018027011,προτρεψάμενοι,['n44018027008']
ACT 18:27,ἔγραψαν,n44018027011,βουλομένου,"['n44018027001', 'n44018027003', 'n44018027004', 'n44018027005', 'n44018027006', 'n44018027007']"
ACT 18:27,συνεβάλετο,n44018027018,παραγενόμενος,['n44018027017']
ACT 19:1,ἐλθεῖν,n44019001015,διελθόντα,"['n44019001011', 'n44019001012', 'n44019001013', 'n44019001014']"
ACT 19:5,ἐβαπτίσθησαν,n44019005003,ἀκούσαντες,['n44019005001']
ACT 19:8,ἐπαρρησιάζετο,n44019008006,Εἰσελθὼν,"['n44019008001', 'n44019008003', 'n44019008004', 'n44019008005']"
ACT 19:9,ἀφώρισεν,n44019009016,ἀποστὰς,"['n44019009013', 'n44019009014', 'n44019009015']"
ACT 19:15,εἶπεν,n44019015007,ἀποκριθὲν,['n44019015001']
ACT 19:16,ἴσχυσεν,n44019016016,κατακυριεύσας,"['n44019016014', 'n44019016015']"
ACT 19:16,ἴσχυσεν,n44019016016,ἐφαλόμενος,"['n44019016002', 'n44019016005', 'n44019016006']"
ACT 19:16,ἐκφυγεῖν,n44019016023,τετραυματισμένους,"['n44019016020', 'n44019016021', 'n44019016022']"
ACT 19:19,κατέκαιον,n44019019010,συνενέγκαντες,"['n44019019007', 'n44019019008', 'n44019019009']"
ACT 19:21,πορεύεσθαι,n44019021016,διελθὼν,"['n44019021011', 'n44019021012', 'n44019021013', 'n44019021014', 'n44019021015']"
ACT 19:22,ἐπέσχεν,n44019022014,ἀποστείλας,"['n44019022001', 'n44019022003', 'n44019022004', 'n44019022005', 'n44019022006', 'n44019022007', 'n44019022008', 'n44019022009', 'n44019022010', 'n44019022011', 'n44019022012']"
ACT 19:24,παρείχετο,n44019024010,ποιῶν,"['n44019024006', 'n44019024007', 'n44019024008', 'n44019024009']"
ACT 19:25,εἶπεν,n44019025009,συναθροίσας,"['n44019025001', 'n44019025003', 'n44019025004', 'n44019025005', 'n44019025006', 'n44019025007', 'n44019025008', 'n44019025002']"
ACT 19:26,μετέστησεν,n44019026018,πείσας,['n44019026017']
ACT 19:28,ἔκραζον,n44019028007,Ἀκούσαντες/γενόμενοι,"['n44019028001', 'n44019028003', 'n44019028004', 'n44019028005', 'n44019028006']"
ACT 19:30,εἴων,n44019030009,βουλομένου,"['n44019030001', 'n44019030003', 'n44019030004', 'n44019030005', 'n44019030006', 'n44019030007']"
ACT 19:31,παρεκάλουν,n44019031012,πέμψαντες,"['n44019031009', 'n44019031010', 'n44019031011']"
ACT 19:33,ἤθελεν,n44019033017,κατασείσας,"['n44019033014', 'n44019033015', 'n44019033016']"
ACT 19:34,ἐγένετο,n44019034007,ἐπιγνόντες,"['n44019034001', 'n44019034003', 'n44019034004', 'n44019034005']"
ACT 19:35,φησίν,n44019035007,καταστείλας,"['n44019035001', 'n44019035005', 'n44019035006']"
ACT 19:40,ἀπέλυσεν,n44019040025,εἰπὼν,"['n44019040023', 'n44019040024']"
ACT 20:1,ἐξῆλθεν,n44020001015,ἀσπασάμενος,['n44020001014']
ACT 20:1,ἐξῆλθεν,n44020001015,μεταπεμψάμενος/παρακαλέσας,"['n44020001007', 'n44020001010', 'n44020001011', 'n44020001012', 'n44020001013']"
ACT 20:2,ἦλθεν,n44020002011,διελθὼν/παρακαλέσας,"['n44020002001', 'n44020002003', 'n44020002004', 'n44020002005', 'n44020002006', 'n44020002007', 'n44020002008', 'n44020002009', 'n44020002010']"
ACT 20:5,ἔμενον,n44020005004,προσελθόντες,['n44020005003']
ACT 20:9,ἔπεσεν,n44020009022,κατενεχθεὶς,"['n44020009018', 'n44020009019', 'n44020009020', 'n44020009021']"
ACT 20:9,ἔπεσεν,n44020009022,καταφερόμενος/διαλεγομένου,"['n44020009010', 'n44020009011', 'n44020009012', 'n44020009013', 'n44020009014', 'n44020009015', 'n44020009016', 'n44020009017']"
ACT 20:9,ἔπεσεν,n44020009022,καθεζόμενος,"['n44020009001', 'n44020009007', 'n44020009008', 'n44020009009']"
ACT 20:10,ἐπέπεσεν,n44020010005,καταβὰς,['n44020010001']
ACT 20:10,εἶπεν,n44020010009,συμπεριλαβὼν,['n44020010008']
ACT 20:11,ἐξῆλθεν,n44020011016,ἀναβὰς/κλάσας/γευσάμενος/ὁμιλήσας,"['n44020011001', 'n44020011003', 'n44020011004', 'n44020011005', 'n44020011006', 'n44020011007', 'n44020011008', 'n44020011011', 'n44020011009', 'n44020011010', 'n44020011012', 'n44020011013', 'n44020011014']"
ACT 20:13,ἀνήχθημεν,n44020013007,προελθόντες,"['n44020013003', 'n44020013004', 'n44020013005', 'n44020013006']"
ACT 20:14,ἤλθομεν,n44020014010,ἀναλαβόντες,"['n44020014008', 'n44020014009']"
ACT 20:15,κατηντήσαμεν,n44020015005,ἀποπλεύσαντες,"['n44020015001', 'n44020015002']"
ACT 20:17,μετεκαλέσατο,n44020017008,πέμψας,"['n44020017001', 'n44020017003', 'n44020017004', 'n44020017005', 'n44020017006', 'n44020017007']"
ACT 20:22,πορεύομαι,n44020022008,δεδεμένος,"['n44020022004', 'n44020022006', 'n44020022007']"
ACT 20:35,δεῖ,n44020035007,κοπιῶντας,"['n44020035005', 'n44020035006']"
ACT 20:36,προσηύξατο,n44020036011,θεὶς,"['n44020036004', 'n44020036005', 'n44020036006', 'n44020036007']"
ACT 20:36,προσηύξατο,n44020036011,εἰπὼν,"['n44020036002', 'n44020036003']"
ACT 20:37,κατεφίλουν,n44020037013,ἐπιπεσόντες,"['n44020037007', 'n44020037008', 'n44020037009', 'n44020037010', 'n44020037011', 'n44020037012']"
ACT 21:1,ἤλθομεν,n44021001010,εὐθυδρομήσαντες,['n44021001009']
ACT 21:2,ἀνήχθημεν,n44021002008,ἐπιβάντες,['n44021002007']
ACT 21:2,ἀνήχθημεν,n44021002008,εὑρόντες/διαπερῶν,"['n44021002002', 'n44021002003', 'n44021002004', 'n44021002005', 'n44021002006']"
ACT 21:3,ἐπλέομεν,n44021003009,ἀναφάναντες/καταλιπόντες,"['n44021003001', 'n44021003003', 'n44021003004', 'n44021003005', 'n44021003006', 'n44021003007', 'n44021003008']"
ACT 21:4,ἐπεμείναμεν,n44021004005,ἀνευρόντες,"['n44021004001', 'n44021004003', 'n44021004004']"
ACT 21:5,ἐπορευόμεθα,n44021005009,ἐξελθόντες,['n44021005008']
ACT 21:5,ἀπησπασάμεθα,n44021006001,θέντες/προσευξάμενοι,"['n44021005022', 'n44021005023', 'n44021005024', 'n44021005025', 'n44021005026', 'n44021005027', 'n44021005028']"
ACT 21:7,κατηντήσαμεν,n44021007008,διανύσαντες,"['n44021007003', 'n44021007004', 'n44021007005', 'n44021007006', 'n44021007007']"
ACT 21:7,ἐμείναμεν,n44021007015,ἀσπασάμενοι,"['n44021007012', 'n44021007013', 'n44021007014']"
ACT 21:8,ἤλθομεν,n44021008005,ἐξελθόντες,['n44021008004']
ACT 21:8,ἐμείναμεν,n44021008020,εἰσελθόντες/ὄντος,"['n44021008009', 'n44021008010', 'n44021008011', 'n44021008012', 'n44021008013', 'n44021008014', 'n44021008015', 'n44021008016', 'n44021008017', 'n44021008018', 'n44021008019']"
ACT 21:11,εἶπεν,n44021011018,ἐλθὼν/ἄρας/δήσας,"['n44021011002', 'n44021011003', 'n44021011004', 'n44021011005', 'n44021011006', 'n44021011007', 'n44021011008', 'n44021011009', 'n44021011010', 'n44021011011', 'n44021011012', 'n44021011013', 'n44021011014', 'n44021011015', 'n44021011016', 'n44021011017']"
ACT 21:14,ἡσυχάσαμεν,n44021014005,πειθομένου,"['n44021014001', 'n44021014002', 'n44021014004']"
ACT 21:15,ἀνεβαίνομεν,n44021015007,ἐπισκευασάμενοι,['n44021015006']
ACT 21:19,ἐξηγεῖτο,n44021019004,ἀσπασάμενος,"['n44021019002', 'n44021019003']"
ACT 21:20,ἐδόξαζον,n44021020004,ἀκούσαντες,['n44021020003']
ACT 21:24,ἁγνίσθητι,n44021024003,παραλαβὼν,"['n44021024001', 'n44021024002']"
ACT 21:25,ἀπεστείλαμεν,n44021025007,πεπιστευκότων,"['n44021025001', 'n44021025003', 'n44021025004', 'n44021025005']"
ACT 21:26,εἰσῄει,n44021026013,ἁγνισθεὶς,"['n44021026010', 'n44021026011', 'n44021026012']"
ACT 21:26,εἰσῄει,n44021026013,παραλαβὼν/ἐχομένῃ,"['n44021026004', 'n44021026005', 'n44021026006', 'n44021026007', 'n44021026008', 'n44021026009']"
ACT 21:27,συνέχεον,n44021027018,θεασάμενοι,"['n44021027013', 'n44021027014', 'n44021027015', 'n44021027016', 'n44021027017']"
ACT 21:30,εἷλκον,n44021030015,ἐπιλαβόμενοι,"['n44021030012', 'n44021030013', 'n44021030014']"
ACT 21:32,κατέδραμεν,n44021032007,παραλαβὼν,"['n44021032003', 'n44021032004', 'n44021032005', 'n44021032006']"
ACT 21:32,ἐπαύσαντο,n44021032018,ἰδόντες,"['n44021032012', 'n44021032013', 'n44021032014', 'n44021032015', 'n44021032016', 'n44021032017']"
ACT 21:33,ἐπελάβετο,n44021033005,ἐγγίσας,['n44021033002']
ACT 21:34,ἐκέλευσεν,n44021034019,δυναμένου,"['n44021034009', 'n44021034010', 'n44021034012', 'n44021034013', 'n44021034014', 'n44021034015', 'n44021034016', 'n44021034017', 'n44021034018']"
ACT 21:37,λέγει,n44021037009,Μέλλων,"['n44021037001', 'n44021037003', 'n44021037004', 'n44021037005', 'n44021037006']"
ACT 21:40,κατέσεισε,n44021040010,ἑστὼς,"['n44021040006', 'n44021040007', 'n44021040008', 'n44021040009']"
ACT 21:40,προσεφώνησεν,n44021040019,γενομένης,"['n44021040015', 'n44021040017', 'n44021040018']"
ACT 22:2,παρέσχον,n44022002010,Ἀκούσαντες,"['n44022002001', 'n44022002003', 'n44022002004', 'n44022002005', 'n44022002006', 'n44022002007', 'n44022002008']"
ACT 22:5,ἐπορευόμην,n44022005021,δεξάμενος,"['n44022005011', 'n44022005012', 'n44022005013', 'n44022005014', 'n44022005015', 'n44022005016', 'n44022005017', 'n44022005018']"
ACT 22:10,πορεύου,n44022010013,Ἀναστὰς,['n44022010012']
ACT 22:11,ἦλθον,n44022011016,χειραγωγούμενος,"['n44022011011', 'n44022011012', 'n44022011013', 'n44022011014', 'n44022011015']"
ACT 22:13,εἶπέν,n44022013006,ἐλθὼν/ἐπιστὰς,"['n44022013001', 'n44022013002', 'n44022013003', 'n44022013004', 'n44022013005']"
ACT 22:16,βάπτισαι,n44022016006,ἀναστὰς,['n44022016005']
ACT 22:26,ἀπήγγειλεν,n44022026008,προσελθὼν,"['n44022026005', 'n44022026006', 'n44022026007']"
ACT 22:26,ἀπήγγειλεν,n44022026008,ἀκούσας,['n44022026001']
ACT 22:27,εἶπεν,n44022027005,προσελθὼν,['n44022027001']
ACT 22:30,ἔλυσεν,n44022030014,βουλόμενος,"['n44022030004', 'n44022030005', 'n44022030006', 'n44022030007', 'n44022030008', 'n44022030009', 'n44022030010', 'n44022030011', 'n44022030012', 'n44022030013']"
ACT 22:30,ἔστησεν,n44022030029,καταγαγὼν,"['n44022030026', 'n44022030027', 'n44022030028']"
ACT 23:1,εἶπεν,n44023001007,ἀτενίσας,"['n44023001001', 'n44023001005', 'n44023001006']"
ACT 23:3,κελεύεις,n44023003024,παρανομῶν,['n44023003023']
ACT 23:6,ἔκραζεν,n44023006015,Γνοὺς,"['n44023006001', 'n44023006005', 'n44023006006', 'n44023006007', 'n44023006008', 'n44023006009', 'n44023006010', 'n44023006012', 'n44023006011', 'n44023006013', 'n44023006014']"
ACT 23:9,διεμάχοντο,n44023009014,ἀναστάντες,['n44023009006']
ACT 23:10,ἐκέλευσεν,n44023010014,φοβηθεὶς,"['n44023010005', 'n44023010008', 'n44023010009', 'n44023010010', 'n44023010011', 'n44023010012', 'n44023010013']"
ACT 23:10,ἐκέλευσεν,n44023010014,γινομένης,"['n44023010001', 'n44023010004', 'n44023010003']"
ACT 23:10,ἁρπάσαι,n44023010018,καταβὰν,['n44023010017']
ACT 23:11,εἶπεν,n44023011009,ἐπιστὰς,"['n44023011005', 'n44023011006']"
ACT 23:11,εἶπεν,n44023011009,ἐπιούσῃ,"['n44023011001', 'n44023011003', 'n44023011004']"
ACT 23:12,ἀνεθεμάτισαν,n44023012008,ποιήσαντες,"['n44023012004', 'n44023012005']"
ACT 23:14,εἶπαν,n44023014008,προσελθόντες,"['n44023014002', 'n44023014003', 'n44023014004', 'n44023014005', 'n44023014006', 'n44023014007']"
ACT 23:14,ἀνεθεματίσαμεν,n44023014010,προσελθόντες,"['n44023014001', 'n44023014002', 'n44023014003', 'n44023014004', 'n44023014005', 'n44023014006', 'n44023014007', 'n44023014008']"
ACT 23:16,ἀπήγγειλεν,n44023016016,παραγενόμενος/εἰσελθὼν,"['n44023016010', 'n44023016011', 'n44023016012', 'n44023016013', 'n44023016014', 'n44023016015']"
ACT 23:16,ἀπήγγειλεν,n44023016016,Ἀκούσας,"['n44023016001', 'n44023016008', 'n44023016009']"
ACT 23:17,ἔφη,n44023017008,προσκαλεσάμενος,"['n44023017001', 'n44023017005', 'n44023017006', 'n44023017007']"
ACT 23:18,ἤγαγεν,n44023018006,παραλαβὼν,"['n44023018004', 'n44023018005']"
ACT 23:18,ἠρώτησεν,n44023018017,προσκαλεσάμενός,"['n44023018015', 'n44023018016']"
ACT 23:19,ἐπυνθάνετο,n44023019012,ἐπιλαβόμενος/ἀναχωρήσας,"['n44023019001', 'n44023019003', 'n44023019004', 'n44023019005', 'n44023019008', 'n44023019009', 'n44023019010', 'n44023019011']"
ACT 23:23,εἶπεν,n44023023007,προσκαλεσάμενός,"['n44023023002', 'n44023023004', 'n44023023003', 'n44023023005', 'n44023023006']"
ACT 23:24,διασώσωσι,n44023024008,ἐπιβιβάσαντες,"['n44023024005', 'n44023024006', 'n44023024007']"
ACT 23:27,ἐξειλάμην,n44023027017,ἐπιστὰς,"['n44023027013', 'n44023027014', 'n44023027015', 'n44023027016']"
ACT 23:27,ἐξειλάμην,n44023027017,συλλημφθέντα/μέλλοντα,"['n44023027004', 'n44023027005', 'n44023027006', 'n44023027007', 'n44023027008', 'n44023027009', 'n44023027010', 'n44023027011', 'n44023027012']"
ACT 23:28,κατήγαγον,n44023028010,βουλόμενός,"['n44023028001', 'n44023028003', 'n44023028004', 'n44023028005', 'n44023028006', 'n44023028007', 'n44023028008', 'n44023028009']"
ACT 23:30,ἔπεμψα,n44023030010,μηνυθείσης,"['n44023030001', 'n44023030003', 'n44023030004', 'n44023030005', 'n44023030006', 'n44023030007', 'n44023030008']"
ACT 23:31,ἤγαγον,n44023031012,ἀναλαβόντες,"['n44023031009', 'n44023031010', 'n44023031011']"
ACT 23:32,ὑπέστρεψαν,n44023032010,ἐάσαντες,"['n44023032004', 'n44023032005', 'n44023032006', 'n44023032007', 'n44023032008', 'n44023032009']"
ACT 23:33,παρέστησαν,n44023033012,εἰσελθόντες/ἀναδόντες,"['n44023033002', 'n44023033003', 'n44023033004', 'n44023033005', 'n44023033006', 'n44023033007', 'n44023033008', 'n44023033009', 'n44023033010', 'n44023033011']"
ACT 23:34,ἔφη,n44023035003,ἀναγνοὺς/ἐπερωτήσας/πυθόμενος,"['n44023034001', 'n44023034003', 'n44023034004', 'n44023034005', 'n44023034006', 'n44023034007', 'n44023034008', 'n44023034009', 'n44023034010', 'n44023034011', 'n44023034012', 'n44023034013']"
ACT 24:2,ἤρξατο,n44024002004,κληθέντος,"['n44024002001', 'n44024002003']"
ACT 24:10,ἀπολογοῦμαι,n44024010024,ὄντα/ἐπιστάμενος,"['n44024010010', 'n44024010011', 'n44024010012', 'n44024010013', 'n44024010014', 'n44024010015', 'n44024010016', 'n44024010017', 'n44024010018', 'n44024010019']"
ACT 24:17,παρεγενόμην,n44024017011,ποιήσων,"['n44024017005', 'n44024017006', 'n44024017007', 'n44024017008', 'n44024017009', 'n44024017010']"
ACT 24:24,μετεπέμψατο,n44024024015,παραγενόμενος/οὔσῃ,"['n44024024005', 'n44024024008', 'n44024024009', 'n44024024010', 'n44024024011', 'n44024024012', 'n44024024013', 'n44024024014']"
ACT 24:25,ἀπεκρίθη,n44024025017,γενόμενος,"['n44024025013', 'n44024025014']"
ACT 24:25,ἀπεκρίθη,n44024025017,διαλεγομένου,"['n44024025001', 'n44024025003', 'n44024025004', 'n44024025005', 'n44024025006', 'n44024025007', 'n44024025008', 'n44024025009', 'n44024025010', 'n44024025011', 'n44024025012']"
ACT 24:25,μετακαλέσομαί,n44024025025,μεταλαβὼν,"['n44024025022', 'n44024025024']"
ACT 24:26,ὡμίλει,n44024026016,μεταπεμπόμενος,"['n44024026012', 'n44024026013', 'n44024026014', 'n44024026015']"
ACT 24:27,κατέλιπε,n44024027018,θέλων,"['n44024027010', 'n44024027012', 'n44024027013', 'n44024027014', 'n44024027015']"
ACT 25:1,ἀνέβη,n44025001009,ἐπιβὰς,"['n44025001003', 'n44025001004', 'n44025001005']"
ACT 25:5,κατηγορείτωσαν,n44025005015,συγκαταβάντες,['n44025005007']
ACT 25:6,ἐκέλευσεν,n44025006020,καθίσας,"['n44025006014', 'n44025006015', 'n44025006016', 'n44025006017', 'n44025006018', 'n44025006019']"
ACT 25:6,ἐκέλευσεν,n44025006020,καταβὰς,"['n44025006011', 'n44025006012', 'n44025006013']"
ACT 25:6,ἐκέλευσεν,n44025006020,Διατρίψας,"['n44025006001', 'n44025006003', 'n44025006004', 'n44025006005', 'n44025006006', 'n44025006007', 'n44025006008', 'n44025006009', 'n44025006010']"
ACT 25:9,εἶπεν,n44025009012,ἀποκριθεὶς,"['n44025009009', 'n44025009010', 'n44025009011']"
ACT 25:9,εἶπεν,n44025009012,θέλων,"['n44025009004', 'n44025009005', 'n44025009006', 'n44025009007', 'n44025009008']"
ACT 25:9,κριθῆναι,n44025009020,ἀναβὰς,"['n44025009014', 'n44025009015', 'n44025009016']"
ACT 25:12,ἀπεκρίθη,n44025012008,συλλαλήσας,"['n44025012004', 'n44025012005', 'n44025012006', 'n44025012007']"
ACT 25:15,ἐνεφάνισαν,n44025015007,γενομένου,"['n44025015003', 'n44025015004', 'n44025015005', 'n44025015006']"
ACT 25:17,ἐκέλευσα,n44025017013,καθίσας,"['n44025017007', 'n44025017008', 'n44025017009', 'n44025017010', 'n44025017011', 'n44025017012']"
ACT 25:17,ἐκέλευσα,n44025017013,ποιησάμενος,"['n44025017004', 'n44025017005', 'n44025017006']"
ACT 25:18,ἔφερον,n44025018008,σταθέντες,['n44025018003']
ACT 25:20,ἔλεγον,n44025020008,ἀπορούμενος,"['n44025020001', 'n44025020004', 'n44025020005', 'n44025020006', 'n44025020007']"
ACT 25:27,σημᾶναι,n44025027013,πέμποντα,"['n44025027005', 'n44025027006']"
ACT 26:1,ἀπελογεῖτο,n44026001018,ἐκτείνας,"['n44026001015', 'n44026001016', 'n44026001017']"
ACT 26:6,ἕστηκα,n44026006015,γενομένης,"['n44026006003', 'n44026006004', 'n44026006005', 'n44026006006', 'n44026006007', 'n44026006008', 'n44026006009', 'n44026006011', 'n44026006012', 'n44026006013', 'n44026006014', 'n44026006010']"
ACT 26:7,ἐλπίζει,n44026007012,λατρεῦον,"['n44026007006', 'n44026007007', 'n44026007008', 'n44026007009', 'n44026007010', 'n44026007011']"
ACT 26:11,ἠνάγκαζον,n44026011009,τιμωρῶν,"['n44026011002', 'n44026011003', 'n44026011004', 'n44026011005', 'n44026011006', 'n44026011007', 'n44026011008']"
ACT 26:11,ἐδίωκον,n44026011015,ἐμμαινόμενος,"['n44026011011', 'n44026011013', 'n44026011014']"
ACT 26:12,εἶδον,n44026013006,πορευόμενος,"['n44026012001', 'n44026012002', 'n44026012003', 'n44026012004', 'n44026012005', 'n44026012006', 'n44026012007', 'n44026012008', 'n44026012009', 'n44026012010', 'n44026012011', 'n44026012012', 'n44026012013']"
ACT 26:21,ἐπειρῶντο,n44026021009,συλλαβόμενοι,"['n44026021003', 'n44026021005', 'n44026021006', 'n44026021007', 'n44026021008']"
ACT 26:22,ἕστηκα,n44026022012,τυχὼν,"['n44026022003', 'n44026022001', 'n44026022004', 'n44026022005', 'n44026022006', 'n44026022007']"
ACT 26:24,φησιν,n44026024010,ἀπολογουμένου,"['n44026024001', 'n44026024003', 'n44026024004']"
ACT 26:26,λαλῶ,n44026026011,παρρησιαζόμενος,['n44026026010']
ACT 26:31,ἐλάλουν,n44026031003,ἀναχωρήσαντες,['n44026031002']
ACT 27:2,ἀνήχθημεν,n44027002013,ἐπιβάντες/μέλλοντι,"['n44027002001', 'n44027002003', 'n44027002004', 'n44027002005', 'n44027002006', 'n44027002007', 'n44027002008', 'n44027002009', 'n44027002010', 'n44027002011', 'n44027002012']"
ACT 27:3,ἐπέτρεψεν,n44027003014,χρησάμενος,"['n44027003007', 'n44027003011', 'n44027003012', 'n44027003013']"
ACT 27:3,τυχεῖν,n44027003020,πορευθέντι,"['n44027003015', 'n44027003016', 'n44027003017', 'n44027003018']"
ACT 27:4,ὑπεπλεύσαμεν,n44027004003,ἀναχθέντες,"['n44027004001', 'n44027004002']"
ACT 27:5,κατήλθομεν,n44027005011,διαπλεύσαντες,"['n44027005001', 'n44027005003', 'n44027005004', 'n44027005005', 'n44027005006', 'n44027005007', 'n44027005008', 'n44027005009', 'n44027005010']"
ACT 27:6,ἐνεβίβασεν,n44027006011,εὑρὼν/πλέον,"['n44027006001', 'n44027006002', 'n44027006005', 'n44027006006', 'n44027006007', 'n44027006008', 'n44027006009', 'n44027006010']"
ACT 27:8,ἤλθομεν,n44027008005,παραλεγόμενοι,"['n44027008001', 'n44027008003', 'n44027008004']"
ACT 27:12,παραχειμάσαι,n44027012020,καταντήσαντες/βλέποντα,"['n44027012017', 'n44027012018', 'n44027012019', 'n44027012021', 'n44027012022', 'n44027012023', 'n44027012024', 'n44027012025', 'n44027012026', 'n44027012027', 'n44027012028', 'n44027012029']"
ACT 27:13,παρελέγοντο,n44027013010,ἄραντες,['n44027013008']
ACT 27:13,παρελέγοντο,n44027013010,δόξαντες,"['n44027013004', 'n44027013005', 'n44027013006', 'n44027013007']"
ACT 27:15,ἐφερόμεθα,n44027015012,ἐπιδόντες,['n44027015011']
ACT 27:16,ἰσχύσαμεν,n44027016007,ὑποδραμόντες/καλούμενον,"['n44027016004', 'n44027016001', 'n44027016003', 'n44027016005', 'n44027016006']"
ACT 27:17,ἐχρῶντο,n44027017004,ἄραντες,"['n44027017001', 'n44027017002']"
ACT 27:17,ἐφέροντο,n44027017019,χαλάσαντες,"['n44027017015', 'n44027017016', 'n44027017017']"
ACT 27:17,ἐφέροντο,n44027017019,φοβούμενοί,"['n44027017008', 'n44027017010', 'n44027017011', 'n44027017012', 'n44027017013', 'n44027017014']"
ACT 27:21,εἶπεν,n44027021012,σταθεὶς,['n44027021006']
ACT 27:21,ἀνάγεσθαι,n44027021020,πειθαρχήσαντάς,"['n44027021017', 'n44027021018']"
ACT 27:28,εὗρον,n44027028003,βολίσαντες,['n44027028002']
ACT 27:28,εὗρον,n44027028012,διαστήσαντες/βολίσαντες,"['n44027028006', 'n44027028008', 'n44027028009', 'n44027028010', 'n44027028011']"
ACT 27:29,ηὔχοντο,n44027029014,ῥίψαντες,"['n44027029009', 'n44027029010', 'n44027029011', 'n44027029012', 'n44027029013']"
ACT 27:29,ηὔχοντο,n44027029014,φοβούμενοί,"['n44027029001', 'n44027029003', 'n44027029004', 'n44027029005', 'n44027029006', 'n44027029007', 'n44027029008']"
ACT 27:33,διατελεῖτε,n44027033019,προσδοκῶντες,"['n44027033014', 'n44027033016', 'n44027033015', 'n44027033017']"
ACT 27:35,εὐχαρίστησεν,n44027035007,εἴπας/λαβὼν,"['n44027035001', 'n44027035003', 'n44027035004', 'n44027035005', 'n44027035006']"
ACT 27:35,ἤρξατο,n44027035014,κλάσας,['n44027035013']
ACT 27:36,προσελάβοντο,n44027036007,γενόμενοι,"['n44027036001', 'n44027036003', 'n44027036004']"
ACT 27:38,ἐκούφιζον,n44027038004,κορεσθέντες,"['n44027038001', 'n44027038003']"
ACT 27:40,εἴων,n44027040005,περιελόντες,"['n44027040002', 'n44027040003', 'n44027040004']"
ACT 27:40,κατεῖχον,n44027040021,ἐπάραντες,"['n44027040016', 'n44027040017', 'n44027040018', 'n44027040019', 'n44027040020']"
ACT 27:41,ἐπέκειλαν,n44027041006,περιπεσόντες,"['n44027041001', 'n44027041003', 'n44027041004', 'n44027041005']"
ACT 27:41,ἔμεινεν,n44027041014,ἐρείσασα,['n44027041013']
ACT 27:42,διαφύγῃ,n44027042013,ἐκκολυμβήσας,['n44027042012']
ACT 27:43,ἐκώλυσεν,n44027043008,βουλόμενος,"['n44027043004', 'n44027043005', 'n44027043006', 'n44027043007']"
ACT 27:43,ἐξιέναι,n44027043022,ἀπορίψαντας,['n44027043017']
ACT 28:1,ἐπέγνωμεν,n44028001004,διασωθέντες,['n44028001002']
ACT 28:2,προσελάβοντο,n44028002013,ἅψαντες,"['n44028002010', 'n44028002012']"
ACT 28:3,καθῆψε,n44028003018,ἐξελθοῦσα,"['n44028003014', 'n44028003015', 'n44028003016', 'n44028003017']"
ACT 28:4,ἔλεγον,n44028004015,κρεμάμενον,"['n44028004001', 'n44028004003', 'n44028004004', 'n44028004005', 'n44028004006', 'n44028004007', 'n44028004008', 'n44028004009', 'n44028004010', 'n44028004011', 'n44028004012']"
ACT 28:4,ζῆν,n44028004029,διασωθέντα,"['n44028004023', 'n44028004024', 'n44028004025', 'n44028004026']"
ACT 28:5,ἔπαθεν,n44028005010,ἀποτινάξας,"['n44028005004', 'n44028005005', 'n44028005006', 'n44028005007', 'n44028005008', 'n44028005009']"
ACT 28:6,ἔλεγον,n44028006024,μεταβαλόμενοι,['n44028006023']
ACT 28:7,ἐξένισεν,n44028007022,ἀναδεξάμενος,"['n44028007017', 'n44028007018']"
ACT 28:8,κατακεῖσθαι,n44028008011,συνεχόμενον,"['n44028008007', 'n44028008008', 'n44028008009', 'n44028008010']"
ACT 28:8,ἰάσατο,n44028008023,ἐπιθεὶς,"['n44028008019', 'n44028008020', 'n44028008021', 'n44028008022']"
ACT 28:8,ἰάσατο,n44028008023,εἰσελθὼν/προσευξάμενος,"['n44028008012', 'n44028008013', 'n44028008016', 'n44028008017', 'n44028008018']"
ACT 28:10,ἐπέθεντο,n44028010009,ἀναγομένοις,['n44028010008']
ACT 28:12,ἐπεμείναμεν,n44028012005,καταχθέντες,"['n44028012002', 'n44028012003', 'n44028012004']"
ACT 28:13,κατηντήσαμεν,n44028013003,περιελόντες,"['n44028013001', 'n44028013002']"
ACT 28:14,παρεκλήθημεν,n44028014004,εὑρόντες,"['n44028014001', 'n44028014002', 'n44028014003']"
ACT 28:15,ἦλθαν,n44028015008,ἀκούσαντες,"['n44028015004', 'n44028015005', 'n44028015006', 'n44028015007']"
ACT 28:15,ἔλαβε,n44028015025,εὐχαριστήσας,"['n44028015022', 'n44028015023', 'n44028015024']"
ACT 28:15,ἔλαβε,n44028015025,ἰδὼν,"['n44028015018', 'n44028015019']"
ACT 28:17,παρεδόθην,n44028017035,ποιήσας,"['n44028017022', 'n44028017023', 'n44028017024', 'n44028017025', 'n44028017026', 'n44028017027', 'n44028017028', 'n44028017029', 'n44028017030', 'n44028017031']"
ACT 28:18,ἐβούλοντο,n44028018004,ἀνακρίναντές,"['n44028018002', 'n44028018003']"
ACT 28:19,ἠναγκάσθην,n44028019005,ἀντιλεγόντων,"['n44028019001', 'n44028019003', 'n44028019004']"
ACT 28:23,ἧκον,n44028023005,Ταξάμενοι,"['n44028023001', 'n44028023003', 'n44028023004']"
ACT 28:25,ἀπελύοντο,n44028025006,ὄντες,"['n44028025001', 'n44028025003', 'n44028025004', 'n44028025005']"
ACT 28:26,βλέψετε,n44028026017,βλέποντες,['n44028026016']
ACT 3:11,Κρατοῦντος,n44003011001,Κρατοῦντος,"['n44003011001', 'n44003011003', 'n44003011004', 'n44003011005', 'n44003011006', 'n44003011007', 'n44003011008']"
ACT 7:21,ἐκτεθέντος,n44007021001,ἐκτεθέντος,"['n44007021001', 'n44007021003']"
ACT 7:30,πληρωθέντων,n44007030002,πληρωθέντων,"['n44007030002', 'n44007030003', 'n44007030004']"
ACT 10:10,παρασκευαζόντων,n44010010007,παρασκευαζόντων,"['n44010010007', 'n44010010009']"
ACT 12:13,κρούσαντος,n44012013001,κρούσαντος,"['n44012013001', 'n44012013003', 'n44012013004', 'n44012013005', 'n44012013006', 'n44012013007']"
ACT 12:18,Γενομένης,n44012018001,Γενομένης,"['n44012018001', 'n44012018003']"
ACT 13:2,λειτουργούντων,n44013002001,λειτουργούντων,"['n44013002001', 'n44013002003', 'n44013002004', 'n44013002005']"
ACT 13:16,φοβούμενοι,n44013016013,φοβούμενοι,"['n44013016013', 'n44013016014', 'n44013016015']"
ACT 13:26,φοβούμενοι,n44013026010,φοβούμενοι,"['n44013026010', 'n44013026011', 'n44013026012']"
ACT 13:42,Ἐξιόντων,n44013042001,Ἐξιόντων,"['n44013042001', 'n44013042003']"
ACT 13:43,λυθείσης,n44013043001,λυθείσης,"['n44013043001', 'n44013043003', 'n44013043004']"
ACT 14:20,κυκλωσάντων,n44014020001,κυκλωσάντων,"['n44014020001', 'n44014020003', 'n44014020004', 'n44014020005']"
ACT 16:35,γενομένης,n44016035003,γενομένης,"['n44016035001', 'n44016035003']"
ACT 17:16,ἐκδεχομένου,n44017016005,ἐκδεχομένου,"['n44017016001', 'n44017016003', 'n44017016004', 'n44017016005', 'n44017016006', 'n44017016007', 'n44017016008']"
ACT 18:6,ἀντιτασσομένων,n44018006001,ἀντιτασσομένων,"['n44018006001', 'n44018006003']"
ACT 19:6,ἐπιθέντος,n44019006002,ἐπιθέντος,"['n44019006002', 'n44019006003', 'n44019006004', 'n44019006005', 'n44019006006']"
ACT 21:10,ἐπιμενόντων,n44021010001,ἐπιμενόντων,"['n44021010001', 'n44021010003', 'n44021010004']"
ACT 21:17,Γενομένων,n44021017001,Γενομένων,"['n44021017001', 'n44021017003', 'n44021017004', 'n44021017005']"
ACT 21:40,ἐπιτρέψαντος,n44021040001,ἐπιτρέψαντος,"['n44021040001', 'n44021040003']"
ACT 22:23,κραυγαζόντων,n44022023001,κραυγαζόντων,"['n44022023001', 'n44022023003']"
ACT 23:12,Γενομένης,n44023012001,Γενομένης,"['n44023012001', 'n44023012003']"
ACT 24:27,πληρωθείσης,n44024027003,πληρωθείσης,"['n44024027001', 'n44024027003']"
ACT 25:7,παραγενομένου,n44025007001,παραγενομένου,"['n44025007001', 'n44025007003']"
ACT 25:13,διαγενομένων,n44025013003,διαγενομένων,"['n44025013001', 'n44025013004', 'n44025013003']"
ACT 25:23,ἐλθόντος,n44025023004,ἐλθόντος,"['n44025023001', 'n44025023003', 'n44025023004', 'n44025023005', 'n44025023006', 'n44025023007', 'n44025023008', 'n44025023009', 'n44025023010', 'n44025023011', 'n44025023012']"
ACT 26:14,καταπεσόντων,n44026014003,καταπεσόντων,"['n44026014001', 'n44026014004', 'n44026014003', 'n44026014005', 'n44026014006', 'n44026014007']"
ACT 27:7,βραδυπλοοῦντες,n44027007005,βραδυπλοοῦντες,"['n44027007001', 'n44027007002', 'n44027007004', 'n44027007005']"
ACT 27:9,διαγενομένου,n44027009004,διαγενομένου,"['n44027009001', 'n44027009003', 'n44027009004']"
ACT 27:13,Ὑποπνεύσαντος,n44027013001,Ὑποπνεύσαντος,"['n44027013001', 'n44027013003']"
ACT 27:18,χειμαζομένων,n44027018003,χειμαζομένων,"['n44027018001', 'n44027018003', 'n44027018004']"
ACT 27:20,ἐπιφαινόντων,n44027020006,ἐπιφαινόντων,"['n44027020001', 'n44027020003', 'n44027020004', 'n44027020005', 'n44027020006', 'n44027020007', 'n44027020008', 'n44027020009']"
ACT 27:21,ὑπαρχούσης,n44027021004,ὑπαρχούσης,"['n44027021001', 'n44027021003', 'n44027021004']"
ACT 28:6,προσδοκώντων,n44028006015,προσδοκώντων,"['n44028006011', 'n44028006012', 'n44028006014', 'n44028006015']"
ACT 28:13,ἐπιγενομένου,n44028013010,ἐπιγενομένου,"['n44028013007', 'n44028013008', 'n44028013009', 'n44028013010', 'n44028013011']"
ACT 28:17,συνελθόντων,n44028017013,συνελθόντων,"['n44028017013', 'n44028017015']"
